unique_id,pK,sdf_file,mol2_file,pdb_file,graph_id,preds_0,preds_1,preds_2,preds_3,preds_4,preds_5,preds_6,preds_7,preds_8,preds_9,preds
4lgh,8.7,data/pdbbind/general-set/4lgh/4lgh_ligand.sdf,data/pdbbind/general-set/4lgh/4lgh_ligand.mol2,data/pdbbind/general-set/4lgh/4lgh_protein.pdb,0,7.068637,6.9501705,6.86007,6.593896,7.1501155,7.1761622,6.7697334,7.564209,7.0719066,6.8101435,7.0015044
1hk1,5.64,data/pdbbind/general-set/1hk1/1hk1_ligand.sdf,data/pdbbind/general-set/1hk1/1hk1_ligand.mol2,data/pdbbind/general-set/1hk1/1hk1_protein.pdb,1,7.1155787,6.080759,7.07258,7.0983434,6.529436,7.1252427,7.181407,6.4576626,6.1934204,7.075423,6.7929854
1fzq,7.62,data/pdbbind/refined-set/1fzq/1fzq_ligand.sdf,data/pdbbind/refined-set/1fzq/1fzq_ligand.mol2,data/pdbbind/refined-set/1fzq/1fzq_protein.pdb,2,6.4813967,6.3342285,5.7229257,6.2047396,5.932202,5.9089856,6.2736344,6.482966,6.6608033,5.940757,6.1942644
1y3w,5.77,data/pdbbind/general-set/1y3w/1y3w_ligand.sdf,data/pdbbind/general-set/1y3w/1y3w_ligand.mol2,data/pdbbind/general-set/1y3w/1y3w_protein.pdb,3,6.1681924,6.190235,5.43995,5.49092,5.745029,5.8132677,6.1922235,5.7665114,5.930597,6.030404,5.876733
5lt9,4.19,data/pdbbind/general-set/5lt9/5lt9_ligand.sdf,data/pdbbind/general-set/5lt9/5lt9_ligand.mol2,data/pdbbind/general-set/5lt9/5lt9_protein.pdb,4,4.0653787,3.9408891,4.364123,3.982372,4.0290246,4.9910007,3.7841969,4.49525,4.6793103,4.455422,4.2786965
4ymx,7.1,data/pdbbind/refined-set/4ymx/4ymx_ligand.sdf,data/pdbbind/refined-set/4ymx/4ymx_ligand.mol2,data/pdbbind/refined-set/4ymx/4ymx_protein.pdb,5,5.5426292,4.5865726,5.799693,5.0021005,5.7159276,5.220373,5.4513674,4.8094826,4.1792,5.088959,5.1396303
1laf,7.85,data/pdbbind/refined-set/1laf/1laf_ligand.sdf,data/pdbbind/refined-set/1laf/1laf_ligand.mol2,data/pdbbind/refined-set/1laf/1laf_protein.pdb,6,6.2858834,5.7326,6.318787,5.6089067,7.0349603,6.283605,5.755641,5.9144564,5.239254,6.5197363,6.069383
2aow,7.42,data/pdbbind/general-set/2aow/2aow_ligand.sdf,data/pdbbind/general-set/2aow/2aow_ligand.mol2,data/pdbbind/general-set/2aow/2aow_protein.pdb,7,6.430636,4.860035,6.315751,5.740112,5.9639792,5.4685683,5.69212,6.2370954,6.581401,6.1904573,5.9480157
2uy4,4.68,data/pdbbind/refined-set/2uy4/2uy4_ligand.sdf,data/pdbbind/refined-set/2uy4/2uy4_ligand.mol2,data/pdbbind/refined-set/2uy4/2uy4_protein.pdb,8,7.087598,5.6096897,5.9352903,5.5734158,6.607442,5.373394,6.7374067,6.855358,5.8683405,6.408201,6.2056136
2x97,5.66,data/pdbbind/refined-set/2x97/2x97_ligand.sdf,data/pdbbind/refined-set/2x97/2x97_ligand.mol2,data/pdbbind/refined-set/2x97/2x97_protein.pdb,9,6.2111235,6.034894,7.175023,6.988493,7.1184564,6.4888835,6.5444245,7.0509305,6.2868,6.3894625,6.628849
2uzj,4.57,data/pdbbind/general-set/2uzj/2uzj_ligand.sdf,data/pdbbind/general-set/2uzj/2uzj_ligand.mol2,data/pdbbind/general-set/2uzj/2uzj_protein.pdb,10,6.922274,6.794232,6.5540795,6.8771772,6.2104025,7.079827,6.058831,6.5248013,6.1597986,6.9708595,6.615228
1npz,7.89,data/pdbbind/general-set/1npz/1npz_ligand.sdf,data/pdbbind/general-set/1npz/1npz_ligand.mol2,data/pdbbind/general-set/1npz/1npz_protein.pdb,11,8.102123,8.009618,7.826282,7.840544,8.275944,7.7892365,8.0853815,8.382027,8.285525,8.25205,8.084873
2v95,8.3,data/pdbbind/refined-set/2v95/2v95_ligand.sdf,data/pdbbind/refined-set/2v95/2v95_ligand.mol2,data/pdbbind/refined-set/2v95/2v95_protein.pdb,12,6.493738,5.798018,5.4502316,6.63854,6.698929,6.581712,6.0870724,6.864593,6.2622266,6.9494176,6.3824472
1ik4,7.41,data/pdbbind/refined-set/1ik4/1ik4_ligand.sdf,data/pdbbind/refined-set/1ik4/1ik4_ligand.mol2,data/pdbbind/refined-set/1ik4/1ik4_protein.pdb,13,6.6555014,6.5174775,6.746156,7.0298424,6.9815392,7.0954003,6.772224,5.504982,6.232311,6.492891,6.602833
4eok,5.07,data/pdbbind/general-set/4eok/4eok_ligand.sdf,data/pdbbind/general-set/4eok/4eok_ligand.mol2,data/pdbbind/general-set/4eok/4eok_protein.pdb,14,6.400758,6.6504803,6.834364,7.0026975,6.8525496,6.9931993,6.6799026,7.0804195,6.6531973,6.6730657,6.7820635
4o71,4.74,data/pdbbind/general-set/4o71/4o71_ligand.sdf,data/pdbbind/general-set/4o71/4o71_ligand.mol2,data/pdbbind/general-set/4o71/4o71_protein.pdb,15,5.438894,6.105901,5.961839,6.4058795,5.759443,6.22648,6.512284,6.4352975,6.269378,6.5534234,6.1668825
4d1y,7.13,data/pdbbind/general-set/4d1y/4d1y_ligand.sdf,data/pdbbind/general-set/4d1y/4d1y_ligand.mol2,data/pdbbind/general-set/4d1y/4d1y_protein.pdb,16,5.626383,5.2709227,5.4399414,5.7647843,5.797411,5.1855755,4.8801866,5.2958875,5.753385,5.985112,5.4999585
6f9g,5.7,data/pdbbind/refined-set/6f9g/6f9g_ligand.sdf,data/pdbbind/refined-set/6f9g/6f9g_ligand.mol2,data/pdbbind/refined-set/6f9g/6f9g_protein.pdb,17,6.4853406,6.143507,6.403279,7.033911,7.4675603,7.436125,7.397082,6.8408732,7.4211936,6.973869,6.9602737
1ryf,8.8,data/pdbbind/general-set/1ryf/1ryf_ligand.sdf,data/pdbbind/general-set/1ryf/1ryf_ligand.mol2,data/pdbbind/general-set/1ryf/1ryf_protein.pdb,18,7.6515307,7.3239517,7.6636033,7.8077407,7.099496,7.5969415,7.728415,7.4439173,7.2400484,7.2940006,7.484965
5vcx,5.55,data/pdbbind/general-set/5vcx/5vcx_ligand.sdf,data/pdbbind/general-set/5vcx/5vcx_ligand.mol2,data/pdbbind/general-set/5vcx/5vcx_protein.pdb,19,6.806492,7.0873337,6.6738415,6.7181373,6.266928,6.6158767,6.3991704,6.915921,6.4508657,7.254419,6.718899
1lf9,12.0,data/pdbbind/general-set/1lf9/1lf9_ligand.sdf,data/pdbbind/general-set/1lf9/1lf9_ligand.mol2,data/pdbbind/general-set/1lf9/1lf9_protein.pdb,20,8.046918,8.158266,8.771575,8.751307,8.347346,8.370543,8.370518,8.533192,8.911651,7.8585663,8.411988
6mdq,3.44,data/pdbbind/general-set/6mdq/6mdq_ligand.sdf,data/pdbbind/general-set/6mdq/6mdq_ligand.mol2,data/pdbbind/general-set/6mdq/6mdq_protein.pdb,21,5.8212705,6.4652767,5.35164,5.1091485,6.278754,5.4771914,6.7575707,5.4466724,5.4285145,5.6821733,5.7818213
3gzn,8.0,data/pdbbind/general-set/3gzn/3gzn_ligand.sdf,data/pdbbind/general-set/3gzn/3gzn_ligand.mol2,data/pdbbind/general-set/3gzn/3gzn_protein.pdb,22,7.714857,6.718154,7.271817,7.025939,6.008403,6.521526,7.1164474,7.081623,7.3713346,7.0983105,6.9928412
6hvs,5.23,data/pdbbind/general-set/6hvs/6hvs_ligand.sdf,data/pdbbind/general-set/6hvs/6hvs_ligand.mol2,data/pdbbind/general-set/6hvs/6hvs_protein.pdb,23,6.100216,6.0077925,6.4678583,6.632677,7.0594387,6.9199615,7.418113,7.2893047,6.556578,7.5578036,6.8009744
1gah,12.0,data/pdbbind/general-set/1gah/1gah_ligand.sdf,data/pdbbind/general-set/1gah/1gah_ligand.mol2,data/pdbbind/general-set/1gah/1gah_protein.pdb,24,9.988952,10.572751,11.597712,10.749482,11.0938015,9.576047,10.289182,9.91746,10.133904,9.336234,10.325552
6g34,8.24,data/pdbbind/refined-set/6g34/6g34_ligand.sdf,data/pdbbind/refined-set/6g34/6g34_ligand.mol2,data/pdbbind/refined-set/6g34/6g34_protein.pdb,25,7.1057825,6.7196727,6.7608433,7.203375,7.2354665,6.9950385,7.4843125,7.013779,7.0249147,6.988524,7.0531707
6awo,8.7,data/pdbbind/general-set/6awo/6awo_ligand.sdf,data/pdbbind/general-set/6awo/6awo_ligand.mol2,data/pdbbind/general-set/6awo/6awo_protein.pdb,26,6.1299253,5.3642592,5.145577,5.084152,4.975401,5.37844,5.3441596,5.0712686,5.4794497,5.253466,5.32261
1mto,6.96,data/pdbbind/general-set/1mto/1mto_ligand.sdf,data/pdbbind/general-set/1mto/1mto_ligand.mol2,data/pdbbind/general-set/1mto/1mto_protein.pdb,27,5.1111884,4.576506,4.225581,3.8594341,4.3923755,4.3178067,3.8325415,4.103245,4.881445,4.1351466,4.3435273
1mai,6.68,data/pdbbind/refined-set/1mai/1mai_ligand.sdf,data/pdbbind/refined-set/1mai/1mai_ligand.mol2,data/pdbbind/refined-set/1mai/1mai_protein.pdb,28,5.7152343,5.1415887,4.927459,5.102641,5.190072,6.2528462,4.068013,4.387708,5.1595173,6.079891,5.2024965
4l23,7.75,data/pdbbind/general-set/4l23/4l23_ligand.sdf,data/pdbbind/general-set/4l23/4l23_ligand.mol2,data/pdbbind/general-set/4l23/4l23_protein.pdb,29,7.0557804,7.318477,6.681781,6.117807,7.0406175,7.161057,6.724922,6.4990964,7.2071204,7.159608,6.8966265
2zq0,6.82,data/pdbbind/refined-set/2zq0/2zq0_ligand.sdf,data/pdbbind/refined-set/2zq0/2zq0_ligand.mol2,data/pdbbind/refined-set/2zq0/2zq0_protein.pdb,30,5.376506,6.6715903,6.7203364,7.7641573,6.6769323,6.7579165,6.3120427,7.537719,7.1082044,6.1975737,6.712298
3w37,5.18,data/pdbbind/refined-set/3w37/3w37_ligand.sdf,data/pdbbind/refined-set/3w37/3w37_ligand.mol2,data/pdbbind/refined-set/3w37/3w37_protein.pdb,31,6.744894,7.1333714,7.014389,5.706312,6.235807,5.973323,5.860379,5.103888,5.968577,6.154196,6.189514
1qpe,7.7,data/pdbbind/general-set/1qpe/1qpe_ligand.sdf,data/pdbbind/general-set/1qpe/1qpe_ligand.mol2,data/pdbbind/general-set/1qpe/1qpe_protein.pdb,32,7.344538,7.2242074,7.340648,7.259145,7.474732,7.253943,7.301858,6.949444,7.2698245,7.393628,7.2811966
6h75,4.38,data/pdbbind/general-set/6h75/6h75_ligand.sdf,data/pdbbind/general-set/6h75/6h75_ligand.mol2,data/pdbbind/general-set/6h75/6h75_protein.pdb,33,5.698486,4.112949,4.3809295,3.8579316,5.3332915,4.844136,5.899723,5.043327,4.9159203,5.2504425,4.9337134
6a06,8.47,data/pdbbind/general-set/6a06/6a06_ligand.sdf,data/pdbbind/general-set/6a06/6a06_ligand.mol2,data/pdbbind/general-set/6a06/6a06_protein.pdb,34,5.442935,5.494054,5.4892464,6.2042503,5.677844,5.7620034,5.917384,5.4638195,6.0272584,5.937167,5.7415967
2xxt,8.05,data/pdbbind/refined-set/2xxt/2xxt_ligand.sdf,data/pdbbind/refined-set/2xxt/2xxt_ligand.mol2,data/pdbbind/refined-set/2xxt/2xxt_protein.pdb,35,5.499744,6.0478964,5.8030024,5.58781,5.981515,6.219702,6.0197887,6.3438444,5.525503,6.4380703,5.946688
6g33,8.15,data/pdbbind/general-set/6g33/6g33_ligand.sdf,data/pdbbind/general-set/6g33/6g33_ligand.mol2,data/pdbbind/general-set/6g33/6g33_protein.pdb,36,6.290405,6.3883076,6.509705,6.3535476,6.643611,6.3970995,7.0878277,6.4434714,6.8748307,6.4034657,6.5392275
3unk,4.82,data/pdbbind/general-set/3unk/3unk_ligand.sdf,data/pdbbind/general-set/3unk/3unk_ligand.mol2,data/pdbbind/general-set/3unk/3unk_protein.pdb,37,6.8831077,6.646376,6.7371845,7.4844446,7.271736,6.8330884,6.816743,7.287738,6.5155935,6.5671353,6.904315
4s2i,9.0,data/pdbbind/general-set/4s2i/4s2i_ligand.sdf,data/pdbbind/general-set/4s2i/4s2i_ligand.mol2,data/pdbbind/general-set/4s2i/4s2i_protein.pdb,38,7.3366556,6.621413,7.668439,7.406947,7.303421,7.504607,7.6124578,7.1293745,6.9944396,7.4351296,7.3012886
1xk9,6.85,data/pdbbind/refined-set/1xk9/1xk9_ligand.sdf,data/pdbbind/refined-set/1xk9/1xk9_ligand.mol2,data/pdbbind/refined-set/1xk9/1xk9_protein.pdb,39,5.2721486,6.086151,5.3389773,5.1434903,5.54575,5.7693596,6.2859235,5.546598,5.964769,5.8834734,5.6836634
3mn8,6.17,data/pdbbind/general-set/3mn8/3mn8_ligand.sdf,data/pdbbind/general-set/3mn8/3mn8_ligand.mol2,data/pdbbind/general-set/3mn8/3mn8_protein.pdb,40,4.8068976,5.168909,4.3347993,5.237871,4.9903812,5.3078265,4.952087,5.0064664,4.4092603,5.512821,4.9727316
2vxa,5.6,data/pdbbind/general-set/2vxa/2vxa_ligand.sdf,data/pdbbind/general-set/2vxa/2vxa_ligand.mol2,data/pdbbind/general-set/2vxa/2vxa_protein.pdb,41,5.2940116,5.9071183,5.4822516,5.7218857,5.5321636,5.253599,5.775888,6.07081,6.5487556,5.794046,5.738053
6f34,4.94,data/pdbbind/general-set/6f34/6f34_ligand.sdf,data/pdbbind/general-set/6f34/6f34_ligand.mol2,data/pdbbind/general-set/6f34/6f34_protein.pdb,42,4.7246995,4.6941543,4.624139,4.8803186,4.762337,5.3575387,4.8908195,5.42362,3.9169617,5.711673,4.8986263
3uo5,7.41,data/pdbbind/general-set/3uo5/3uo5_ligand.sdf,data/pdbbind/general-set/3uo5/3uo5_ligand.mol2,data/pdbbind/general-set/3uo5/3uo5_protein.pdb,43,6.9618335,7.3491554,6.932702,7.2465525,6.95188,7.0640407,7.1799626,7.4004292,7.056062,7.487744,7.1630363
2q80,4.6,data/pdbbind/general-set/2q80/2q80_ligand.sdf,data/pdbbind/general-set/2q80/2q80_ligand.mol2,data/pdbbind/general-set/2q80/2q80_protein.pdb,44,5.5527225,6.0496025,5.2055693,5.430315,5.256446,6.4703517,4.958874,5.1916065,5.4579544,5.885871,5.5459313
5ktx,7.7,data/pdbbind/general-set/5ktx/5ktx_ligand.sdf,data/pdbbind/general-set/5ktx/5ktx_ligand.mol2,data/pdbbind/general-set/5ktx/5ktx_protein.pdb,45,7.8246007,7.7912965,7.7236476,8.225608,7.4699855,7.446705,7.738888,7.870452,7.7173367,7.778251,7.758677
4bzr,7.6,data/pdbbind/general-set/4bzr/4bzr_ligand.sdf,data/pdbbind/general-set/4bzr/4bzr_ligand.mol2,data/pdbbind/general-set/4bzr/4bzr_protein.pdb,46,5.129952,6.4843454,5.8312874,5.7707796,5.1296716,6.3811545,5.402256,5.197269,5.5140996,5.332047,5.617286
6nwl,7.37,data/pdbbind/refined-set/6nwl/6nwl_ligand.sdf,data/pdbbind/refined-set/6nwl/6nwl_ligand.mol2,data/pdbbind/refined-set/6nwl/6nwl_protein.pdb,47,8.094569,8.239759,7.703119,7.8355894,7.921676,8.323951,8.045322,7.560785,7.85057,8.213883,7.9789224
6f6n,3.02,data/pdbbind/general-set/6f6n/6f6n_ligand.sdf,data/pdbbind/general-set/6f6n/6f6n_ligand.mol2,data/pdbbind/general-set/6f6n/6f6n_protein.pdb,48,6.1688385,5.2511554,4.9399543,4.765327,4.8579335,5.333435,5.255068,5.7983556,4.6119733,5.010781,5.199282
4uiv,7.8,data/pdbbind/general-set/4uiv/4uiv_ligand.sdf,data/pdbbind/general-set/4uiv/4uiv_ligand.mol2,data/pdbbind/general-set/4uiv/4uiv_protein.pdb,49,6.7368007,7.2583213,7.3503475,6.487461,7.0284667,7.334959,6.99996,7.7070847,6.922615,7.4388776,7.12649
1u2r,5.41,data/pdbbind/general-set/1u2r/1u2r_ligand.sdf,data/pdbbind/general-set/1u2r/1u2r_ligand.mol2,data/pdbbind/general-set/1u2r/1u2r_protein.pdb,50,6.5032005,6.3557005,6.55212,5.9491396,6.671239,7.018347,6.1473265,6.3451204,6.75431,6.899784,6.519629
5lj0,8.0,data/pdbbind/general-set/5lj0/5lj0_ligand.sdf,data/pdbbind/general-set/5lj0/5lj0_ligand.mol2,data/pdbbind/general-set/5lj0/5lj0_protein.pdb,51,6.5065207,7.178955,7.1192236,6.9953265,6.611751,6.338218,7.595311,6.4106474,6.8714066,7.4625707,6.9089937
1mx1,4.0,data/pdbbind/general-set/1mx1/1mx1_ligand.sdf,data/pdbbind/general-set/1mx1/1mx1_ligand.mol2,data/pdbbind/general-set/1mx1/1mx1_protein.pdb,52,6.3747716,4.9627094,5.714343,6.0208774,5.4258895,6.0589786,5.564191,6.1021705,6.1362605,5.867078,5.8227262
4tmk,7.7,data/pdbbind/refined-set/4tmk/4tmk_ligand.sdf,data/pdbbind/refined-set/4tmk/4tmk_ligand.mol2,data/pdbbind/refined-set/4tmk/4tmk_protein.pdb,53,6.6481113,6.5076356,6.3760376,6.8512244,5.9341307,6.460844,6.983882,6.1202784,6.0512557,6.1603785,6.409378
3zy2,6.46,data/pdbbind/general-set/3zy2/3zy2_ligand.sdf,data/pdbbind/general-set/3zy2/3zy2_ligand.mol2,data/pdbbind/general-set/3zy2/3zy2_protein.pdb,54,6.9159436,5.786954,6.3712406,6.029275,5.96434,6.1925507,6.9099507,6.9023976,6.8335853,6.2127542,6.4118986
2l75,6.05,data/pdbbind/general-set/2l75/2l75_ligand.sdf,data/pdbbind/general-set/2l75/2l75_ligand.mol2,data/pdbbind/general-set/2l75/2l75_protein.pdb,55,5.296678,5.7267723,5.66524,5.585729,5.5971093,5.021829,5.5514464,5.9631786,5.4223385,5.16421,5.4994535
2y7i,5.54,data/pdbbind/refined-set/2y7i/2y7i_ligand.sdf,data/pdbbind/refined-set/2y7i/2y7i_ligand.mol2,data/pdbbind/refined-set/2y7i/2y7i_protein.pdb,56,5.8095493,5.590624,5.4176884,5.3576746,6.41711,6.313733,5.7555294,5.0161505,4.290099,5.60182,5.5569983
1h0a,5.44,data/pdbbind/refined-set/1h0a/1h0a_ligand.sdf,data/pdbbind/refined-set/1h0a/1h0a_ligand.mol2,data/pdbbind/refined-set/1h0a/1h0a_protein.pdb,57,5.58039,5.21895,4.5702763,4.944391,4.590371,5.621584,4.8080516,5.237678,4.860236,5.214865,5.064679
1acj,8.09,data/pdbbind/general-set/1acj/1acj_ligand.sdf,data/pdbbind/general-set/1acj/1acj_ligand.mol2,data/pdbbind/general-set/1acj/1acj_protein.pdb,58,7.457915,6.983067,7.579794,7.4169626,7.462042,6.905388,7.943407,6.966369,7.311953,7.1424155,7.3169312
1tl9,5.52,data/pdbbind/general-set/1tl9/1tl9_ligand.sdf,data/pdbbind/general-set/1tl9/1tl9_ligand.mol2,data/pdbbind/general-set/1tl9/1tl9_protein.pdb,59,8.0708,7.578468,7.37837,7.7112646,7.294995,7.900401,7.761419,7.741666,7.4920154,7.5621796,7.6491575
3gwu,4.71,data/pdbbind/general-set/3gwu/3gwu_ligand.sdf,data/pdbbind/general-set/3gwu/3gwu_ligand.mol2,data/pdbbind/general-set/3gwu/3gwu_protein.pdb,60,5.9510756,5.562205,5.128018,4.9366355,5.11771,5.4945555,5.136067,5.992723,4.98685,5.169061,5.34749
5umx,5.96,data/pdbbind/refined-set/5umx/5umx_ligand.sdf,data/pdbbind/refined-set/5umx/5umx_ligand.mol2,data/pdbbind/refined-set/5umx/5umx_protein.pdb,61,5.5432053,6.6956863,5.840145,6.3613086,6.5269957,6.3432326,6.274194,6.058,6.951574,5.89639,6.2490726
2qwd,4.85,data/pdbbind/refined-set/2qwd/2qwd_ligand.sdf,data/pdbbind/refined-set/2qwd/2qwd_ligand.mol2,data/pdbbind/refined-set/2qwd/2qwd_protein.pdb,62,4.564083,4.8301754,4.1815696,5.2315674,4.732385,4.7194242,4.085924,4.694644,3.808009,4.280264,4.512805
6mj7,2.82,data/pdbbind/refined-set/6mj7/6mj7_ligand.sdf,data/pdbbind/refined-set/6mj7/6mj7_ligand.mol2,data/pdbbind/refined-set/6mj7/6mj7_protein.pdb,63,3.641709,2.837187,3.1842318,3.05113,3.5024378,3.6559443,2.9440658,3.4489086,3.0379064,3.634573,3.2938094
3n75,7.89,data/pdbbind/general-set/3n75/3n75_ligand.sdf,data/pdbbind/general-set/3n75/3n75_ligand.mol2,data/pdbbind/general-set/3n75/3n75_protein.pdb,64,6.847961,6.9842863,6.1404924,6.660733,6.359013,6.9735947,6.64816,6.450617,6.1033597,7.138185,6.6306405
5hjq,4.72,data/pdbbind/refined-set/5hjq/5hjq_ligand.sdf,data/pdbbind/refined-set/5hjq/5hjq_ligand.mol2,data/pdbbind/refined-set/5hjq/5hjq_protein.pdb,65,5.975566,4.9678307,4.6233287,4.4254203,4.2537985,4.5921454,4.0890336,4.6188445,4.638547,5.317481,4.7501993
6ela,7.59,data/pdbbind/general-set/6ela/6ela_ligand.sdf,data/pdbbind/general-set/6ela/6ela_ligand.mol2,data/pdbbind/general-set/6ela/6ela_protein.pdb,66,7.2625647,7.1361117,6.923813,7.389073,6.9865265,7.8039966,7.601089,7.5338917,7.433228,7.4910827,7.3561378
4jwk,8.32,data/pdbbind/refined-set/4jwk/4jwk_ligand.sdf,data/pdbbind/refined-set/4jwk/4jwk_ligand.mol2,data/pdbbind/refined-set/4jwk/4jwk_protein.pdb,67,4.45611,4.2550263,4.6051955,4.279377,4.454757,3.8514225,4.298277,3.8415544,3.2990713,3.7803247,4.1121116
1gj7,7.89,data/pdbbind/general-set/1gj7/1gj7_ligand.sdf,data/pdbbind/general-set/1gj7/1gj7_ligand.mol2,data/pdbbind/general-set/1gj7/1gj7_protein.pdb,68,6.6052,6.25382,6.422522,6.542898,6.591695,5.9023256,6.6078386,6.4457717,6.2160616,6.223684,6.381181
4uxh,5.96,data/pdbbind/general-set/4uxh/4uxh_ligand.sdf,data/pdbbind/general-set/4uxh/4uxh_ligand.mol2,data/pdbbind/general-set/4uxh/4uxh_protein.pdb,69,5.9182897,5.4525294,6.259642,6.168211,6.095358,5.4972644,6.3555765,5.8409095,6.683404,5.7344146,6.0005593
6d3g,4.7,data/pdbbind/general-set/6d3g/6d3g_ligand.sdf,data/pdbbind/general-set/6d3g/6d3g_ligand.mol2,data/pdbbind/general-set/6d3g/6d3g_protein.pdb,70,6.733267,6.605655,7.1989202,6.8855295,6.7317014,7.368991,7.7844467,6.84226,6.70422,7.2644176,7.011941
3su5,5.58,data/pdbbind/refined-set/3su5/3su5_ligand.sdf,data/pdbbind/refined-set/3su5/3su5_ligand.mol2,data/pdbbind/refined-set/3su5/3su5_protein.pdb,71,6.4951925,6.484304,6.0901837,6.467906,6.953922,6.3632603,6.541672,5.555021,7.4891877,6.3902974,6.4830947
2zoq,6.05,data/pdbbind/general-set/2zoq/2zoq_ligand.sdf,data/pdbbind/general-set/2zoq/2zoq_ligand.mol2,data/pdbbind/general-set/2zoq/2zoq_protein.pdb,72,6.4597754,5.798068,6.293709,5.9833117,6.4981976,5.589935,6.273824,6.3210645,6.6398773,6.2435646,6.210132
3hv7,7.92,data/pdbbind/general-set/3hv7/3hv7_ligand.sdf,data/pdbbind/general-set/3hv7/3hv7_ligand.mol2,data/pdbbind/general-set/3hv7/3hv7_protein.pdb,73,6.4797277,6.7338676,6.316363,6.532738,6.680832,6.0445733,7.519044,6.5354843,6.422855,6.720614,6.59861
3sxf,8.6,data/pdbbind/refined-set/3sxf/3sxf_ligand.sdf,data/pdbbind/refined-set/3sxf/3sxf_ligand.mol2,data/pdbbind/refined-set/3sxf/3sxf_protein.pdb,74,8.203076,8.332591,8.500409,8.477882,8.4644985,8.420225,8.674486,8.266058,8.423026,8.123007,8.388526
4tjw,6.02,data/pdbbind/general-set/4tjw/4tjw_ligand.sdf,data/pdbbind/general-set/4tjw/4tjw_ligand.mol2,data/pdbbind/general-set/4tjw/4tjw_protein.pdb,75,6.712412,6.3938947,6.805482,6.4417033,6.008034,6.39838,6.6333246,6.8971286,6.6331463,6.4659505,6.5389457
3sv6,7.46,data/pdbbind/general-set/3sv6/3sv6_ligand.sdf,data/pdbbind/general-set/3sv6/3sv6_ligand.mol2,data/pdbbind/general-set/3sv6/3sv6_protein.pdb,76,6.9037294,6.9238253,7.3942065,7.4321833,6.823241,7.7619066,7.829481,7.2474027,7.1662574,7.5715384,7.305377
4uro,8.4,data/pdbbind/general-set/4uro/4uro_ligand.sdf,data/pdbbind/general-set/4uro/4uro_ligand.mol2,data/pdbbind/general-set/4uro/4uro_protein.pdb,77,8.346278,7.775362,7.578228,7.7663646,7.6105275,7.493459,7.791292,7.9186306,6.927039,7.5355487,7.674273
1btn,4.4,data/pdbbind/general-set/1btn/1btn_ligand.sdf,data/pdbbind/general-set/1btn/1btn_ligand.mol2,data/pdbbind/general-set/1btn/1btn_protein.pdb,78,5.9014306,5.4981003,4.6395793,4.4758024,4.223365,4.845946,5.091339,5.3406734,4.44762,5.1485233,4.961238
2iw8,6.99,data/pdbbind/general-set/2iw8/2iw8_ligand.sdf,data/pdbbind/general-set/2iw8/2iw8_ligand.mol2,data/pdbbind/general-set/2iw8/2iw8_protein.pdb,79,6.798685,6.7243147,7.0803113,6.9493456,7.1406884,7.074923,7.2502594,7.0954432,6.708849,7.002484,6.982531
2c6o,8.22,data/pdbbind/general-set/2c6o/2c6o_ligand.sdf,data/pdbbind/general-set/2c6o/2c6o_ligand.mol2,data/pdbbind/general-set/2c6o/2c6o_protein.pdb,80,6.4815154,6.018657,6.6681476,6.5585165,6.0648394,6.8108068,6.6073794,6.445271,6.673354,6.83122,6.5159707
5ukj,7.16,data/pdbbind/general-set/5ukj/5ukj_ligand.sdf,data/pdbbind/general-set/5ukj/5ukj_ligand.mol2,data/pdbbind/general-set/5ukj/5ukj_protein.pdb,81,7.107645,6.9957843,7.3405647,7.0980806,6.8241954,7.357422,6.7113876,7.648102,7.6596813,7.343688,7.2086554
1trd,5.4,data/pdbbind/refined-set/1trd/1trd_ligand.sdf,data/pdbbind/refined-set/1trd/1trd_ligand.mol2,data/pdbbind/refined-set/1trd/1trd_protein.pdb,82,6.728955,6.6973963,5.4996815,5.8356543,5.6029744,6.294987,6.0229917,5.4214077,5.161939,6.02889,5.9294877
6gu7,5.81,data/pdbbind/general-set/6gu7/6gu7_ligand.sdf,data/pdbbind/general-set/6gu7/6gu7_ligand.mol2,data/pdbbind/general-set/6gu7/6gu7_protein.pdb,83,8.068483,7.2024646,8.0717125,7.0526876,7.478305,7.263692,7.8918295,7.3831463,6.8560014,8.2398815,7.550821
2l3r,4.66,data/pdbbind/general-set/2l3r/2l3r_ligand.sdf,data/pdbbind/general-set/2l3r/2l3r_ligand.mol2,data/pdbbind/general-set/2l3r/2l3r_protein.pdb,84,6.560642,6.714913,6.4119277,6.3933916,6.266004,5.9543986,6.007777,6.4573436,7.118505,6.30039,6.4185295
1ydb,8.24,data/pdbbind/refined-set/1ydb/1ydb_ligand.sdf,data/pdbbind/refined-set/1ydb/1ydb_ligand.mol2,data/pdbbind/refined-set/1ydb/1ydb_protein.pdb,85,7.405829,7.38683,7.395945,7.478171,7.2053328,7.6593375,7.458006,7.305663,7.090636,7.645059,7.403081
5l6i,4.35,data/pdbbind/general-set/5l6i/5l6i_ligand.sdf,data/pdbbind/general-set/5l6i/5l6i_ligand.mol2,data/pdbbind/general-set/5l6i/5l6i_protein.pdb,86,7.4858336,6.4418435,6.155827,6.1351895,5.5202317,5.7529473,7.101367,5.9415503,5.690256,6.1302304,6.2355275
6huc,7.59,data/pdbbind/general-set/6huc/6huc_ligand.sdf,data/pdbbind/general-set/6huc/6huc_ligand.mol2,data/pdbbind/general-set/6huc/6huc_protein.pdb,87,6.669422,6.291533,6.9715614,6.585434,6.846999,7.648165,7.852809,7.1610804,6.9042583,8.268296,7.119956
1gj6,7.0,data/pdbbind/refined-set/1gj6/1gj6_ligand.sdf,data/pdbbind/refined-set/1gj6/1gj6_ligand.mol2,data/pdbbind/refined-set/1gj6/1gj6_protein.pdb,88,6.707735,6.609433,6.5367517,6.8075213,6.8891654,6.307471,7.127314,6.5076404,6.2789693,6.284714,6.605672
1yda,6.55,data/pdbbind/refined-set/1yda/1yda_ligand.sdf,data/pdbbind/refined-set/1yda/1yda_ligand.mol2,data/pdbbind/refined-set/1yda/1yda_protein.pdb,89,7.7309995,7.7102427,7.752324,7.920726,7.837314,7.9037642,7.723107,7.9894567,7.802428,8.123438,7.8493795
6agp,5.05,data/pdbbind/general-set/6agp/6agp_ligand.sdf,data/pdbbind/general-set/6agp/6agp_ligand.mol2,data/pdbbind/general-set/6agp/6agp_protein.pdb,90,7.533257,7.601664,7.1369443,8.020511,6.8326297,6.4637375,7.372709,7.076404,6.9991307,7.196778,7.2233763
2xxy,7.89,data/pdbbind/general-set/2xxy/2xxy_ligand.sdf,data/pdbbind/general-set/2xxy/2xxy_ligand.mol2,data/pdbbind/general-set/2xxy/2xxy_protein.pdb,91,6.1714964,5.842302,5.786061,6.041817,5.772858,6.105607,6.0175853,5.6284766,5.243522,5.775645,5.8385367
5za2,5.77,data/pdbbind/general-set/5za2/5za2_ligand.sdf,data/pdbbind/general-set/5za2/5za2_ligand.mol2,data/pdbbind/general-set/5za2/5za2_protein.pdb,92,7.6381397,7.0561156,7.5594068,7.208271,6.7502785,7.017764,7.6010737,6.856747,7.025564,6.940199,7.1653566
6g14,5.49,data/pdbbind/refined-set/6g14/6g14_ligand.sdf,data/pdbbind/refined-set/6g14/6g14_ligand.mol2,data/pdbbind/refined-set/6g14/6g14_protein.pdb,93,6.6251326,6.0181384,6.3510895,5.4808617,5.970294,6.870864,5.5444345,6.8152823,5.8251095,5.9979234,6.149913
1ghy,8.1,data/pdbbind/refined-set/1ghy/1ghy_ligand.sdf,data/pdbbind/refined-set/1ghy/1ghy_ligand.mol2,data/pdbbind/refined-set/1ghy/1ghy_protein.pdb,94,5.9386725,5.54518,5.61327,5.778672,6.163424,5.624734,6.2649713,6.3514776,4.944049,6.7492776,5.897373
1km3,4.91,data/pdbbind/refined-set/1km3/1km3_ligand.sdf,data/pdbbind/refined-set/1km3/1km3_ligand.mol2,data/pdbbind/refined-set/1km3/1km3_protein.pdb,95,5.6853485,5.811012,5.5419407,6.268055,5.747704,6.5442324,5.8280864,5.7011433,5.7789845,6.935197,5.9841704
1xhy,6.18,data/pdbbind/refined-set/1xhy/1xhy_ligand.sdf,data/pdbbind/refined-set/1xhy/1xhy_ligand.mol2,data/pdbbind/refined-set/1xhy/1xhy_protein.pdb,96,5.655616,5.078607,5.2942276,5.267239,5.3729362,5.1874976,5.393802,5.345919,5.261337,5.315271,5.317245
2zjf,7.72,data/pdbbind/general-set/2zjf/2zjf_ligand.sdf,data/pdbbind/general-set/2zjf/2zjf_ligand.mol2,data/pdbbind/general-set/2zjf/2zjf_protein.pdb,97,5.9477053,5.528666,5.903303,5.4599586,6.029209,5.6772113,5.8273525,6.6223073,5.6569886,5.7417045,5.8394403
4y24,6.66,data/pdbbind/general-set/4y24/4y24_ligand.sdf,data/pdbbind/general-set/4y24/4y24_ligand.mol2,data/pdbbind/general-set/4y24/4y24_protein.pdb,98,7.6792097,6.189835,6.9478126,6.621405,6.81006,7.0687523,6.6352024,6.888042,6.490422,7.324805,6.865555
1n4k,10.05,data/pdbbind/refined-set/1n4k/1n4k_ligand.sdf,data/pdbbind/refined-set/1n4k/1n4k_ligand.mol2,data/pdbbind/refined-set/1n4k/1n4k_protein.pdb,99,5.1775985,5.8200054,5.2474704,5.7642975,4.5252514,5.156261,4.981233,4.8579755,5.005569,5.8383794,5.2374043
4bjb,6.66,data/pdbbind/general-set/4bjb/4bjb_ligand.sdf,data/pdbbind/general-set/4bjb/4bjb_ligand.mol2,data/pdbbind/general-set/4bjb/4bjb_protein.pdb,100,6.512747,6.0846653,6.5200787,6.068156,6.1845593,6.1899605,6.629098,6.359139,6.1126466,6.149823,6.281087
1y0x,8.7,data/pdbbind/general-set/1y0x/1y0x_ligand.sdf,data/pdbbind/general-set/1y0x/1y0x_ligand.mol2,data/pdbbind/general-set/1y0x/1y0x_protein.pdb,101,9.10768,8.634437,9.539777,9.445581,8.668647,9.6368265,9.107334,8.2231045,9.046563,9.263856,9.067381
4urn,4.46,data/pdbbind/general-set/4urn/4urn_ligand.sdf,data/pdbbind/general-set/4urn/4urn_ligand.mol2,data/pdbbind/general-set/4urn/4urn_protein.pdb,102,7.668361,6.817215,7.387311,7.4446135,7.2763066,7.48873,6.7618494,7.584736,7.359846,7.479309,7.326828
2ces,7.25,data/pdbbind/refined-set/2ces/2ces_ligand.sdf,data/pdbbind/refined-set/2ces/2ces_ligand.mol2,data/pdbbind/refined-set/2ces/2ces_protein.pdb,103,5.7309475,6.0236397,5.354762,5.85334,5.976044,5.454195,5.179362,5.856334,5.963187,6.6937656,5.808558
4ksy,8.42,data/pdbbind/refined-set/4ksy/4ksy_ligand.sdf,data/pdbbind/refined-set/4ksy/4ksy_ligand.mol2,data/pdbbind/refined-set/4ksy/4ksy_protein.pdb,104,5.726457,5.555696,5.3182564,6.457125,6.1876435,5.8207717,5.7288074,5.916953,5.7166862,6.0003066,5.8428698
1tq4,6.19,data/pdbbind/refined-set/1tq4/1tq4_ligand.sdf,data/pdbbind/refined-set/1tq4/1tq4_ligand.mol2,data/pdbbind/refined-set/1tq4/1tq4_protein.pdb,105,6.09113,5.9742255,6.5555406,5.9063582,5.276771,6.605314,6.4407296,6.346235,6.8241487,6.2482734,6.2268724
3tao,5.14,data/pdbbind/refined-set/3tao/3tao_ligand.sdf,data/pdbbind/refined-set/3tao/3tao_ligand.mol2,data/pdbbind/refined-set/3tao/3tao_protein.pdb,106,6.3102794,4.973088,4.948765,5.4540787,6.213282,5.797568,5.805224,4.9267683,5.087476,5.676847,5.5193377
6gu3,5.36,data/pdbbind/general-set/6gu3/6gu3_ligand.sdf,data/pdbbind/general-set/6gu3/6gu3_ligand.mol2,data/pdbbind/general-set/6gu3/6gu3_protein.pdb,107,8.225785,8.603356,8.251012,8.78694,8.431504,8.4218235,8.670223,8.393999,8.210211,8.688712,8.468357
1d2e,6.0,data/pdbbind/refined-set/1d2e/1d2e_ligand.sdf,data/pdbbind/refined-set/1d2e/1d2e_ligand.mol2,data/pdbbind/refined-set/1d2e/1d2e_protein.pdb,108,6.4546523,6.50914,6.420249,6.9095187,6.4167204,6.8102546,6.730965,6.9202023,6.7492332,6.893676,6.6814604
1v0o,5.26,data/pdbbind/general-set/1v0o/1v0o_ligand.sdf,data/pdbbind/general-set/1v0o/1v0o_ligand.mol2,data/pdbbind/general-set/1v0o/1v0o_protein.pdb,109,7.185798,6.3091745,6.339045,6.5702744,7.092679,6.3831415,6.868366,6.935061,7.1413383,7.1790824,6.800396
5m57,4.92,data/pdbbind/general-set/5m57/5m57_ligand.sdf,data/pdbbind/general-set/5m57/5m57_ligand.mol2,data/pdbbind/general-set/5m57/5m57_protein.pdb,110,5.9201665,6.590234,7.0189548,6.005545,6.4697676,6.6388874,6.8733354,6.2023215,6.5388346,6.650492,6.490854
4hfp,7.38,data/pdbbind/refined-set/4hfp/4hfp_ligand.sdf,data/pdbbind/refined-set/4hfp/4hfp_ligand.mol2,data/pdbbind/refined-set/4hfp/4hfp_protein.pdb,111,6.515377,7.0208354,7.2371707,6.719576,7.0211077,6.8654633,6.893124,7.2779117,6.488965,6.718722,6.8758254
5faq,5.28,data/pdbbind/general-set/5faq/5faq_ligand.sdf,data/pdbbind/general-set/5faq/5faq_ligand.mol2,data/pdbbind/general-set/5faq/5faq_protein.pdb,112,7.416907,7.045352,7.1089816,6.9362035,6.885328,7.0647974,6.9362655,6.443121,6.5540247,6.674225,6.90652
5u51,4.92,data/pdbbind/general-set/5u51/5u51_ligand.sdf,data/pdbbind/general-set/5u51/5u51_ligand.mol2,data/pdbbind/general-set/5u51/5u51_protein.pdb,113,6.2791905,5.5126934,6.109685,5.8624806,5.457938,6.2563224,5.516163,5.9583354,6.441657,5.7929697,5.9187436
5umw,4.23,data/pdbbind/general-set/5umw/5umw_ligand.sdf,data/pdbbind/general-set/5umw/5umw_ligand.mol2,data/pdbbind/general-set/5umw/5umw_protein.pdb,114,5.762471,6.147663,4.9209585,6.018062,6.2046723,5.742636,5.8884964,5.6718345,5.6896234,5.921881,5.79683
5e89,7.85,data/pdbbind/refined-set/5e89/5e89_ligand.sdf,data/pdbbind/refined-set/5e89/5e89_ligand.mol2,data/pdbbind/refined-set/5e89/5e89_protein.pdb,115,7.692947,7.109277,7.432344,7.3495703,6.8104043,7.41485,7.3458023,7.5829406,7.3954954,7.8167353,7.395036
4uiy,5.6,data/pdbbind/general-set/4uiy/4uiy_ligand.sdf,data/pdbbind/general-set/4uiy/4uiy_ligand.mol2,data/pdbbind/general-set/4uiy/4uiy_protein.pdb,116,6.149668,6.283302,6.287394,6.07268,5.8882885,6.387358,6.511606,6.8175235,6.10844,5.750658,6.225692
3uqf,4.7,data/pdbbind/general-set/3uqf/3uqf_ligand.sdf,data/pdbbind/general-set/3uqf/3uqf_ligand.mol2,data/pdbbind/general-set/3uqf/3uqf_protein.pdb,117,6.957981,6.7058,6.2510247,6.999793,7.3857307,6.667355,7.40546,6.4990807,6.6948714,6.824605,6.83917
3bwk,3.94,data/pdbbind/general-set/3bwk/3bwk_ligand.sdf,data/pdbbind/general-set/3bwk/3bwk_ligand.mol2,data/pdbbind/general-set/3bwk/3bwk_protein.pdb,118,7.7818165,7.7351427,7.6676674,8.175724,7.812351,7.6658435,7.9867573,8.208828,8.55704,8.475032,8.00662
1a99,5.7,data/pdbbind/refined-set/1a99/1a99_ligand.sdf,data/pdbbind/refined-set/1a99/1a99_ligand.mol2,data/pdbbind/refined-set/1a99/1a99_protein.pdb,119,6.757002,6.7396317,7.4120545,8.411575,7.9721217,8.128788,7.7799115,7.4659615,7.76031,6.549742,7.4977098
4rn6,5.1,data/pdbbind/general-set/4rn6/4rn6_ligand.sdf,data/pdbbind/general-set/4rn6/4rn6_ligand.mol2,data/pdbbind/general-set/4rn6/4rn6_protein.pdb,120,6.569062,7.0009294,6.601114,6.165328,6.6367364,6.786869,6.4569616,6.842155,6.7354817,6.04118,6.5835824
1dar,4.96,data/pdbbind/refined-set/1dar/1dar_ligand.sdf,data/pdbbind/refined-set/1dar/1dar_ligand.mol2,data/pdbbind/refined-set/1dar/1dar_protein.pdb,121,6.7674794,7.170689,6.571305,6.8970423,6.754097,6.1086926,7.3116803,6.9520326,6.8390417,6.413543,6.7785606
3e81,1.43,data/pdbbind/general-set/3e81/3e81_ligand.sdf,data/pdbbind/general-set/3e81/3e81_ligand.mol2,data/pdbbind/general-set/3e81/3e81_protein.pdb,122,3.292047,2.8749182,2.896034,2.4185817,3.3294854,2.7857826,2.2367532,3.6306553,3.053917,2.958877,2.9477053
1g1e,7.54,data/pdbbind/general-set/1g1e/1g1e_ligand.sdf,data/pdbbind/general-set/1g1e/1g1e_ligand.mol2,data/pdbbind/general-set/1g1e/1g1e_protein.pdb,123,5.342112,4.932316,5.5167613,5.130579,5.3258753,5.4046803,5.6672087,5.518323,6.5506086,4.481681,5.3870144
4waf,5.0,data/pdbbind/general-set/4waf/4waf_ligand.sdf,data/pdbbind/general-set/4waf/4waf_ligand.mol2,data/pdbbind/general-set/4waf/4waf_protein.pdb,124,7.0390697,7.138274,7.301437,7.4367137,7.03623,7.648577,6.904273,7.518179,7.2827215,7.189851,7.249533
5l44,4.4,data/pdbbind/general-set/5l44/5l44_ligand.sdf,data/pdbbind/general-set/5l44/5l44_ligand.mol2,data/pdbbind/general-set/5l44/5l44_protein.pdb,125,5.26613,6.6621113,5.8171015,6.104544,5.1992545,6.3032928,6.182271,5.650995,6.0766125,5.714625,5.897693
3ucj,6.0,data/pdbbind/refined-set/3ucj/3ucj_ligand.sdf,data/pdbbind/refined-set/3ucj/3ucj_ligand.mol2,data/pdbbind/refined-set/3ucj/3ucj_protein.pdb,126,6.870035,6.7306294,7.496427,6.613544,7.95084,7.1773534,7.07845,7.686635,7.0300984,7.55921,7.219322
4few,5.21,data/pdbbind/refined-set/4few/4few_ligand.sdf,data/pdbbind/refined-set/4few/4few_ligand.mol2,data/pdbbind/refined-set/4few/4few_protein.pdb,127,5.963065,5.5190954,5.467608,5.500727,6.4785767,5.850589,5.7320747,5.6023326,6.035564,6.1026673,5.82523
3b50,7.55,data/pdbbind/refined-set/3b50/3b50_ligand.sdf,data/pdbbind/refined-set/3b50/3b50_ligand.mol2,data/pdbbind/refined-set/3b50/3b50_protein.pdb,128,5.3349195,4.5665946,4.614064,4.1234684,5.955026,5.063085,5.5894012,5.126714,4.9628367,5.3153887,5.06515
4o2b,5.74,data/pdbbind/refined-set/4o2b/4o2b_ligand.sdf,data/pdbbind/refined-set/4o2b/4o2b_ligand.mol2,data/pdbbind/refined-set/4o2b/4o2b_protein.pdb,129,5.152771,5.007534,5.4434886,5.1106906,5.3106236,5.678536,5.3875456,5.1908226,5.5808063,5.3120174,5.3174834
3gvu,8.0,data/pdbbind/refined-set/3gvu/3gvu_ligand.sdf,data/pdbbind/refined-set/3gvu/3gvu_ligand.mol2,data/pdbbind/refined-set/3gvu/3gvu_protein.pdb,130,7.0992703,6.410007,6.294014,6.4410715,6.3072863,6.5670424,6.8222146,6.120039,6.231124,6.3897734,6.468184
4wmc,8.05,data/pdbbind/general-set/4wmc/4wmc_ligand.sdf,data/pdbbind/general-set/4wmc/4wmc_ligand.mol2,data/pdbbind/general-set/4wmc/4wmc_protein.pdb,131,6.8920016,6.7998853,7.417745,6.504141,6.876477,7.309012,7.4236197,6.6068764,6.396084,6.763719,6.8989563
1zsb,0.6,data/pdbbind/general-set/1zsb/1zsb_ligand.sdf,data/pdbbind/general-set/1zsb/1zsb_ligand.mol2,data/pdbbind/general-set/1zsb/1zsb_protein.pdb,132,7.8743334,7.5943923,7.7810855,7.936952,7.9495163,7.898798,7.679026,7.684349,7.26568,7.85353,7.751767
1xbb,5.3,data/pdbbind/general-set/1xbb/1xbb_ligand.sdf,data/pdbbind/general-set/1xbb/1xbb_ligand.mol2,data/pdbbind/general-set/1xbb/1xbb_protein.pdb,133,6.048846,5.768184,5.9483166,6.204376,5.743762,5.7275352,6.235963,5.930252,6.018348,5.1488743,5.877446
1mrn,4.52,data/pdbbind/refined-set/1mrn/1mrn_ligand.sdf,data/pdbbind/refined-set/1mrn/1mrn_ligand.mol2,data/pdbbind/refined-set/1mrn/1mrn_protein.pdb,134,6.5108247,6.2654457,6.2088842,5.510326,5.759564,5.598153,6.4311385,6.076748,5.9655337,6.0717006,6.0398316
6c67,5.92,data/pdbbind/general-set/6c67/6c67_ligand.sdf,data/pdbbind/general-set/6c67/6c67_ligand.mol2,data/pdbbind/general-set/6c67/6c67_protein.pdb,135,7.25746,6.4578886,6.551771,6.3192687,6.9167447,7.263931,7.608243,5.799089,6.7458296,7.0189133,6.793914
6q5b,5.89,data/pdbbind/general-set/6q5b/6q5b_ligand.sdf,data/pdbbind/general-set/6q5b/6q5b_ligand.mol2,data/pdbbind/general-set/6q5b/6q5b_protein.pdb,136,7.1131735,7.036494,7.687755,6.842226,6.8869276,7.266995,7.5958223,7.0627294,6.9984856,7.2927723,7.178338
2vc9,8.44,data/pdbbind/refined-set/2vc9/2vc9_ligand.sdf,data/pdbbind/refined-set/2vc9/2vc9_ligand.mol2,data/pdbbind/refined-set/2vc9/2vc9_protein.pdb,137,4.958966,4.771997,5.5675464,5.105684,4.374987,4.7590723,5.213771,4.7547517,5.1383133,4.952025,4.959712
3tmk,6.87,data/pdbbind/refined-set/3tmk/3tmk_ligand.sdf,data/pdbbind/refined-set/3tmk/3tmk_ligand.mol2,data/pdbbind/refined-set/3tmk/3tmk_protein.pdb,138,6.1180687,5.636795,6.0244136,5.6362643,4.9845963,5.6241717,5.8971367,5.3162317,5.5573177,5.213847,5.6008844
3jzj,3.61,data/pdbbind/refined-set/3jzj/3jzj_ligand.sdf,data/pdbbind/refined-set/3jzj/3jzj_ligand.mol2,data/pdbbind/refined-set/3jzj/3jzj_protein.pdb,139,5.220141,5.358423,4.95767,4.856722,5.7404923,5.0465693,6.1976366,5.1542764,5.827358,5.637306,5.3996596
4zs2,5.49,data/pdbbind/general-set/4zs2/4zs2_ligand.sdf,data/pdbbind/general-set/4zs2/4zs2_ligand.mol2,data/pdbbind/general-set/4zs2/4zs2_protein.pdb,140,5.368032,5.695228,5.575884,5.6460195,5.835668,5.9813566,5.9940166,5.4320307,5.376087,5.868564,5.677289
3gpe,5.74,data/pdbbind/general-set/3gpe/3gpe_ligand.sdf,data/pdbbind/general-set/3gpe/3gpe_ligand.mol2,data/pdbbind/general-set/3gpe/3gpe_protein.pdb,141,4.947846,5.3644147,4.3270383,3.517654,4.1071224,4.8416624,4.119837,4.9686127,4.1675053,4.8932786,4.5254974
4re3,8.57,data/pdbbind/general-set/4re3/4re3_ligand.sdf,data/pdbbind/general-set/4re3/4re3_ligand.mol2,data/pdbbind/general-set/4re3/4re3_protein.pdb,142,4.817089,5.164743,4.948907,5.066528,5.125878,5.279611,4.6810946,4.8820176,4.979034,5.883927,5.082883
4pda,4.21,data/pdbbind/general-set/4pda/4pda_ligand.sdf,data/pdbbind/general-set/4pda/4pda_ligand.mol2,data/pdbbind/general-set/4pda/4pda_protein.pdb,143,3.9723885,3.9244888,4.155297,3.5476222,3.8314152,3.9884832,3.9377782,3.3568926,3.8597581,3.52093,3.8095055
1drk,6.82,data/pdbbind/refined-set/1drk/1drk_ligand.sdf,data/pdbbind/refined-set/1drk/1drk_ligand.mol2,data/pdbbind/refined-set/1drk/1drk_protein.pdb,144,6.5259914,6.026604,5.7978835,5.9720054,6.3386793,5.84379,5.4342885,7.080676,6.6469326,6.5377445,6.220459
1ogd,3.03,data/pdbbind/refined-set/1ogd/1ogd_ligand.sdf,data/pdbbind/refined-set/1ogd/1ogd_ligand.mol2,data/pdbbind/refined-set/1ogd/1ogd_protein.pdb,145,3.52525,4.6719017,4.5280185,4.442105,4.435535,5.0629506,5.5061097,4.384673,3.8099437,4.736469,4.510296
1iep,7.0,data/pdbbind/general-set/1iep/1iep_ligand.sdf,data/pdbbind/general-set/1iep/1iep_ligand.mol2,data/pdbbind/general-set/1iep/1iep_protein.pdb,146,7.2491274,6.617393,6.78785,6.6338096,6.4843607,6.794168,7.080748,6.1887064,6.5203066,6.5535707,6.6910043
2wf5,6.0,data/pdbbind/refined-set/2wf5/2wf5_ligand.sdf,data/pdbbind/refined-set/2wf5/2wf5_ligand.mol2,data/pdbbind/refined-set/2wf5/2wf5_protein.pdb,147,4.0129266,4.430727,3.7202208,3.471548,3.5691462,3.6392047,2.9424036,3.6230426,3.3473115,4.245028,3.700156
1s5q,5.28,data/pdbbind/general-set/1s5q/1s5q_ligand.sdf,data/pdbbind/general-set/1s5q/1s5q_ligand.mol2,data/pdbbind/general-set/1s5q/1s5q_protein.pdb,148,6.0534954,6.5363574,6.1385508,5.9420753,5.318034,5.828857,6.395895,5.629201,6.6704116,5.1786914,5.9691567
3blr,8.19,data/pdbbind/general-set/3blr/3blr_ligand.sdf,data/pdbbind/general-set/3blr/3blr_ligand.mol2,data/pdbbind/general-set/3blr/3blr_protein.pdb,149,7.0517583,6.53181,7.0459695,6.9081035,6.965875,6.8756146,7.224957,6.7766366,6.5980554,7.086482,6.906526
5ku3,4.89,data/pdbbind/general-set/5ku3/5ku3_ligand.sdf,data/pdbbind/general-set/5ku3/5ku3_ligand.mol2,data/pdbbind/general-set/5ku3/5ku3_protein.pdb,150,7.404847,7.3039446,7.335094,7.761907,6.9965,7.642985,7.90739,7.3903365,7.5690327,7.2189636,7.4530997
4o55,5.3,data/pdbbind/general-set/4o55/4o55_ligand.sdf,data/pdbbind/general-set/4o55/4o55_ligand.mol2,data/pdbbind/general-set/4o55/4o55_protein.pdb,151,6.166929,6.304736,6.34923,5.988299,6.560683,6.306103,6.507744,6.649357,6.603747,5.78337,6.32202
4bzs,7.12,data/pdbbind/general-set/4bzs/4bzs_ligand.sdf,data/pdbbind/general-set/4bzs/4bzs_ligand.mol2,data/pdbbind/general-set/4bzs/4bzs_protein.pdb,152,5.043855,5.1349254,6.0158443,5.522147,5.731232,6.361483,5.790577,5.5366015,5.7556467,6.0262403,5.6918554
3suv,4.55,data/pdbbind/refined-set/3suv/3suv_ligand.sdf,data/pdbbind/refined-set/3suv/3suv_ligand.mol2,data/pdbbind/refined-set/3suv/3suv_protein.pdb,153,4.8030777,5.607694,4.7842283,5.023515,4.6363897,5.01787,5.4560986,6.313343,6.1495876,4.923064,5.2714868
4r74,8.1,data/pdbbind/refined-set/4r74/4r74_ligand.sdf,data/pdbbind/refined-set/4r74/4r74_ligand.mol2,data/pdbbind/refined-set/4r74/4r74_protein.pdb,154,5.5338,5.7458405,5.043777,5.481694,4.783629,5.2058773,4.744442,5.250721,5.257884,4.720355,5.176802
5nkn,9.92,data/pdbbind/general-set/5nkn/5nkn_ligand.sdf,data/pdbbind/general-set/5nkn/5nkn_ligand.mol2,data/pdbbind/general-set/5nkn/5nkn_protein.pdb,155,6.4501266,6.0504465,5.0831447,6.362143,5.648146,6.0552,6.4553566,6.6519346,5.7571507,6.02645,6.05401
3gdt,7.19,data/pdbbind/refined-set/3gdt/3gdt_ligand.sdf,data/pdbbind/refined-set/3gdt/3gdt_ligand.mol2,data/pdbbind/refined-set/3gdt/3gdt_protein.pdb,156,5.0777035,5.2653913,4.126804,4.2445245,5.6110325,5.232302,4.651906,4.969352,4.9942064,5.376518,4.954974
5gs9,5.26,data/pdbbind/refined-set/5gs9/5gs9_ligand.sdf,data/pdbbind/refined-set/5gs9/5gs9_ligand.mol2,data/pdbbind/refined-set/5gs9/5gs9_protein.pdb,157,4.0297546,3.5393307,4.5058656,4.92913,4.4604397,4.3632812,4.7400327,4.7607775,4.1152387,3.9879317,4.3431783
6ml9,5.3,data/pdbbind/refined-set/6ml9/6ml9_ligand.sdf,data/pdbbind/refined-set/6ml9/6ml9_ligand.mol2,data/pdbbind/refined-set/6ml9/6ml9_protein.pdb,158,5.9408402,5.382799,6.1868978,6.0657253,7.0884805,6.1342072,5.9850855,5.775668,5.5812936,6.2144046,6.0355406
4bkj,8.72,data/pdbbind/general-set/4bkj/4bkj_ligand.sdf,data/pdbbind/general-set/4bkj/4bkj_ligand.mol2,data/pdbbind/general-set/4bkj/4bkj_protein.pdb,159,6.6090336,6.322898,6.2624483,6.1808596,6.3609796,6.2050967,6.4823303,5.867563,5.903631,5.971253,6.216609
1y3v,5.64,data/pdbbind/refined-set/1y3v/1y3v_ligand.sdf,data/pdbbind/refined-set/1y3v/1y3v_ligand.mol2,data/pdbbind/refined-set/1y3v/1y3v_protein.pdb,160,6.078941,5.5997763,5.4850206,5.839847,6.058584,6.0793343,5.8415675,5.9213943,5.372889,6.6005435,5.8877897
3f3t,4.59,data/pdbbind/general-set/3f3t/3f3t_ligand.sdf,data/pdbbind/general-set/3f3t/3f3t_ligand.mol2,data/pdbbind/general-set/3f3t/3f3t_protein.pdb,161,5.6677084,5.582386,5.2230577,5.449554,5.3252497,5.392936,6.1001854,5.865029,5.767113,5.4864407,5.5859656
5lqf,6.6,data/pdbbind/general-set/5lqf/5lqf_ligand.sdf,data/pdbbind/general-set/5lqf/5lqf_ligand.mol2,data/pdbbind/general-set/5lqf/5lqf_protein.pdb,162,6.852963,6.3971424,6.7354207,6.513971,6.1458945,6.6283655,6.6492114,6.5444293,6.5210633,6.8577867,6.5846243
3gy2,5.74,data/pdbbind/refined-set/3gy2/3gy2_ligand.sdf,data/pdbbind/refined-set/3gy2/3gy2_ligand.mol2,data/pdbbind/refined-set/3gy2/3gy2_protein.pdb,163,5.9543695,5.393872,5.8008966,5.5435653,5.6055427,6.5979695,6.1357245,6.23183,6.5151668,6.085658,5.9864597
3d67,4.96,data/pdbbind/general-set/3d67/3d67_ligand.sdf,data/pdbbind/general-set/3d67/3d67_ligand.mol2,data/pdbbind/general-set/3d67/3d67_protein.pdb,164,4.8554506,4.826311,5.0276732,5.19026,4.82272,5.977688,5.004263,4.813168,4.6193447,5.060536,5.0197415
5fao,7.96,data/pdbbind/general-set/5fao/5fao_ligand.sdf,data/pdbbind/general-set/5fao/5fao_ligand.mol2,data/pdbbind/general-set/5fao/5fao_protein.pdb,165,6.658855,6.934202,6.4990263,6.410737,6.723344,6.942672,6.266033,6.2831883,6.3281918,6.786938,6.583319
3n9s,5.26,data/pdbbind/refined-set/3n9s/3n9s_ligand.sdf,data/pdbbind/refined-set/3n9s/3n9s_ligand.mol2,data/pdbbind/refined-set/3n9s/3n9s_protein.pdb,166,7.61885,7.306325,7.4418955,7.5537653,7.4223313,8.376798,7.8855047,6.839949,6.919732,7.43638,7.480153
2rox,4.98,data/pdbbind/general-set/2rox/2rox_ligand.sdf,data/pdbbind/general-set/2rox/2rox_ligand.mol2,data/pdbbind/general-set/2rox/2rox_protein.pdb,167,5.5091333,5.736977,6.2410674,5.6061153,5.714538,5.5827427,5.8223104,6.2207894,6.2310863,5.9740024,5.863877
5if6,7.23,data/pdbbind/general-set/5if6/5if6_ligand.sdf,data/pdbbind/general-set/5if6/5if6_ligand.mol2,data/pdbbind/general-set/5if6/5if6_protein.pdb,168,6.8315573,5.662724,5.8472166,6.1675215,6.769992,6.2336183,6.6718106,5.8968425,6.0292916,6.4357715,6.2546353
2p0d,7.0,data/pdbbind/general-set/2p0d/2p0d_ligand.sdf,data/pdbbind/general-set/2p0d/2p0d_ligand.mol2,data/pdbbind/general-set/2p0d/2p0d_protein.pdb,169,5.1835275,5.0718536,3.932697,4.4159107,4.704097,4.839335,4.1750793,5.137435,5.2639875,4.9821916,4.770612
1o32,5.74,data/pdbbind/general-set/1o32/1o32_ligand.sdf,data/pdbbind/general-set/1o32/1o32_ligand.mol2,data/pdbbind/general-set/1o32/1o32_protein.pdb,170,5.4138036,5.6979256,5.3046913,5.431022,6.5067234,5.577317,6.3242626,5.768079,5.518668,5.4180584,5.696055
4zla,7.3,data/pdbbind/general-set/4zla/4zla_ligand.sdf,data/pdbbind/general-set/4zla/4zla_ligand.mol2,data/pdbbind/general-set/4zla/4zla_protein.pdb,171,6.6260204,7.1334248,6.8623285,6.7756023,6.74076,7.165749,7.165739,6.739318,7.9806356,6.8234854,7.001306
3unj,4.96,data/pdbbind/general-set/3unj/3unj_ligand.sdf,data/pdbbind/general-set/3unj/3unj_ligand.mol2,data/pdbbind/general-set/3unj/3unj_protein.pdb,172,6.6500425,6.331253,6.6338134,6.964696,6.616277,6.3679795,6.904352,6.8379374,6.643502,7.031741,6.698159
6iot,5.24,data/pdbbind/general-set/6iot/6iot_ligand.sdf,data/pdbbind/general-set/6iot/6iot_ligand.mol2,data/pdbbind/general-set/6iot/6iot_protein.pdb,173,3.970751,3.5737174,4.317133,3.9588127,3.5656312,4.1485868,4.191431,4.029685,3.6542711,4.3019304,3.9711947
2ceo,10.0,data/pdbbind/general-set/2ceo/2ceo_ligand.sdf,data/pdbbind/general-set/2ceo/2ceo_ligand.mol2,data/pdbbind/general-set/2ceo/2ceo_protein.pdb,174,6.8191032,6.2885427,6.28034,6.690466,6.0243206,6.6636863,6.468122,7.484523,7.4980526,7.315659,6.7532816
3sv7,6.08,data/pdbbind/general-set/3sv7/3sv7_ligand.sdf,data/pdbbind/general-set/3sv7/3sv7_ligand.mol2,data/pdbbind/general-set/3sv7/3sv7_protein.pdb,175,7.129173,6.805044,7.2950397,7.5075727,6.7713327,7.803116,7.656419,6.916506,7.079706,7.5894127,7.2553315
2zv9,8.05,data/pdbbind/general-set/2zv9/2zv9_ligand.sdf,data/pdbbind/general-set/2zv9/2zv9_ligand.mol2,data/pdbbind/general-set/2zv9/2zv9_protein.pdb,176,6.6033854,6.963813,6.888965,7.195594,7.191496,6.3626585,6.940693,6.058927,6.7153225,6.33659,6.7257447
3nee,5.34,data/pdbbind/refined-set/3nee/3nee_ligand.sdf,data/pdbbind/refined-set/3nee/3nee_ligand.mol2,data/pdbbind/refined-set/3nee/3nee_protein.pdb,177,6.705978,6.450053,6.054027,6.3186746,6.7815185,6.365602,6.514443,6.0641675,7.166271,6.3007574,6.472149
1hkk,7.4,data/pdbbind/general-set/1hkk/1hkk_ligand.sdf,data/pdbbind/general-set/1hkk/1hkk_ligand.mol2,data/pdbbind/general-set/1hkk/1hkk_protein.pdb,178,8.18107,8.041229,8.58309,7.7725124,7.4029555,7.77584,8.176463,7.9149065,7.5592246,8.199865,7.9607162
2h8h,8.57,data/pdbbind/general-set/2h8h/2h8h_ligand.sdf,data/pdbbind/general-set/2h8h/2h8h_ligand.mol2,data/pdbbind/general-set/2h8h/2h8h_protein.pdb,179,6.9245214,7.3051567,6.3419833,7.2494116,6.811317,6.8492303,7.123866,6.7599688,6.437,6.830316,6.8632774
4zx6,5.27,data/pdbbind/general-set/4zx6/4zx6_ligand.sdf,data/pdbbind/general-set/4zx6/4zx6_ligand.mol2,data/pdbbind/general-set/4zx6/4zx6_protein.pdb,180,5.980901,6.625439,6.8093395,6.621445,6.4705267,6.6074653,7.092065,5.808611,6.488027,6.4473124,6.4951134
1kyv,5.92,data/pdbbind/refined-set/1kyv/1kyv_ligand.sdf,data/pdbbind/refined-set/1kyv/1kyv_ligand.mol2,data/pdbbind/refined-set/1kyv/1kyv_protein.pdb,181,7.1353345,6.99749,5.585405,7.3174934,6.417583,6.348853,6.6150527,6.9240522,7.033585,6.7566805,6.713153
4d8e,7.01,data/pdbbind/general-set/4d8e/4d8e_ligand.sdf,data/pdbbind/general-set/4d8e/4d8e_ligand.mol2,data/pdbbind/general-set/4d8e/4d8e_protein.pdb,182,5.810549,6.6204495,6.283912,6.7186375,6.2375817,6.6499734,6.348401,6.755315,6.8119674,7.025433,6.5262213
3ml5,8.52,data/pdbbind/refined-set/3ml5/3ml5_ligand.sdf,data/pdbbind/refined-set/3ml5/3ml5_ligand.mol2,data/pdbbind/refined-set/3ml5/3ml5_protein.pdb,183,7.99974,7.3629546,8.042644,7.888619,7.7822447,7.844965,7.7073216,7.903755,7.122941,7.8488154,7.7503996
4fkk,9.3,data/pdbbind/general-set/4fkk/4fkk_ligand.sdf,data/pdbbind/general-set/4fkk/4fkk_ligand.mol2,data/pdbbind/general-set/4fkk/4fkk_protein.pdb,184,5.4677095,6.2099996,6.001581,5.872309,6.2536745,5.476627,6.690106,6.663714,6.873256,5.493301,6.1002283
1hs6,5.38,data/pdbbind/general-set/1hs6/1hs6_ligand.sdf,data/pdbbind/general-set/1hs6/1hs6_ligand.mol2,data/pdbbind/general-set/1hs6/1hs6_protein.pdb,185,6.892716,5.7085295,5.980635,6.7132635,6.6975126,6.9501753,6.2174125,6.2721505,6.929996,6.283596,6.4645987
1aj6,5.92,data/pdbbind/general-set/1aj6/1aj6_ligand.sdf,data/pdbbind/general-set/1aj6/1aj6_ligand.mol2,data/pdbbind/general-set/1aj6/1aj6_protein.pdb,186,7.344359,7.8021393,7.197963,7.9258404,7.814801,7.1158104,7.7982397,7.7172427,7.260612,7.5838475,7.556085
6mln,7.54,data/pdbbind/refined-set/6mln/6mln_ligand.sdf,data/pdbbind/refined-set/6mln/6mln_ligand.mol2,data/pdbbind/refined-set/6mln/6mln_protein.pdb,187,5.9521503,5.7455726,5.705393,5.7369633,7.0912395,5.772617,5.9782486,5.767745,5.409772,6.328777,5.948848
4yhp,8.7,data/pdbbind/general-set/4yhp/4yhp_ligand.sdf,data/pdbbind/general-set/4yhp/4yhp_ligand.mol2,data/pdbbind/general-set/4yhp/4yhp_protein.pdb,188,5.41239,5.3786993,5.585573,5.186048,5.0742664,4.9223957,5.2553377,5.2485943,5.6519575,5.101448,5.2816715
1o34,5.74,data/pdbbind/general-set/1o34/1o34_ligand.sdf,data/pdbbind/general-set/1o34/1o34_ligand.mol2,data/pdbbind/general-set/1o34/1o34_protein.pdb,189,5.631382,5.471659,5.5396147,5.3555455,6.3269916,5.3634286,5.739938,5.6577406,5.454805,5.454134,5.599524
1tpw,3.3,data/pdbbind/refined-set/1tpw/1tpw_ligand.sdf,data/pdbbind/refined-set/1tpw/1tpw_ligand.mol2,data/pdbbind/refined-set/1tpw/1tpw_protein.pdb,190,7.272458,6.276214,6.023621,6.595884,6.4887533,6.528731,6.964827,5.1497006,5.2750726,6.015338,6.2590604
6gue,8.4,data/pdbbind/refined-set/6gue/6gue_ligand.sdf,data/pdbbind/refined-set/6gue/6gue_ligand.mol2,data/pdbbind/refined-set/6gue/6gue_protein.pdb,191,8.364689,7.906355,8.448343,8.998844,8.512123,8.27739,8.376644,8.573277,8.337127,8.968367,8.476316
6guh,7.59,data/pdbbind/refined-set/6guh/6guh_ligand.sdf,data/pdbbind/refined-set/6guh/6guh_ligand.mol2,data/pdbbind/refined-set/6guh/6guh_protein.pdb,192,8.296857,8.292111,8.44619,8.536777,8.672496,8.507532,8.66764,8.443862,8.43853,9.016528,8.531852
4zv1,5.24,data/pdbbind/refined-set/4zv1/4zv1_ligand.sdf,data/pdbbind/refined-set/4zv1/4zv1_ligand.mol2,data/pdbbind/refined-set/4zv1/4zv1_protein.pdb,193,5.6873937,5.3142924,5.036203,5.359257,6.17057,6.0381246,4.875898,5.551062,4.5836387,5.6628633,5.4279304
6ggv,7.54,data/pdbbind/general-set/6ggv/6ggv_ligand.sdf,data/pdbbind/general-set/6ggv/6ggv_ligand.mol2,data/pdbbind/general-set/6ggv/6ggv_protein.pdb,194,6.114332,5.352516,6.0222754,4.86091,5.7609615,6.0655546,5.5322537,5.670865,5.220496,6.0450063,5.6645174
5vd3,5.55,data/pdbbind/refined-set/5vd3/5vd3_ligand.sdf,data/pdbbind/refined-set/5vd3/5vd3_ligand.mol2,data/pdbbind/refined-set/5vd3/5vd3_protein.pdb,195,6.835565,7.128843,6.7496185,7.001347,6.6901655,6.5505877,6.587382,6.891366,6.6662784,7.1501007,6.825125
1ogg,5.19,data/pdbbind/refined-set/1ogg/1ogg_ligand.sdf,data/pdbbind/refined-set/1ogg/1ogg_ligand.mol2,data/pdbbind/refined-set/1ogg/1ogg_protein.pdb,196,7.1020145,7.0977554,7.2078495,6.6790743,6.5831857,6.9366236,7.161445,6.7363334,6.4629736,6.654126,6.8621383
3s3q,8.77,data/pdbbind/general-set/3s3q/3s3q_ligand.sdf,data/pdbbind/general-set/3s3q/3s3q_ligand.mol2,data/pdbbind/general-set/3s3q/3s3q_protein.pdb,197,7.87664,8.1886835,7.8023343,8.004114,8.073434,7.7096133,7.5878644,8.370373,8.520763,8.522447,8.065626
4fab,8.06,data/pdbbind/general-set/4fab/4fab_ligand.sdf,data/pdbbind/general-set/4fab/4fab_ligand.mol2,data/pdbbind/general-set/4fab/4fab_protein.pdb,198,5.9185486,6.563942,6.1332035,5.7882442,5.997404,6.013703,5.2854114,6.2312346,6.5544524,5.703571,6.0189714
2ceq,7.28,data/pdbbind/refined-set/2ceq/2ceq_ligand.sdf,data/pdbbind/refined-set/2ceq/2ceq_ligand.mol2,data/pdbbind/refined-set/2ceq/2ceq_protein.pdb,199,5.8290095,6.2455916,5.617514,6.621732,6.510469,5.619798,5.769306,6.322373,6.2003922,6.516687,6.125287
4a22,8.49,data/pdbbind/general-set/4a22/4a22_ligand.sdf,data/pdbbind/general-set/4a22/4a22_ligand.mol2,data/pdbbind/general-set/4a22/4a22_protein.pdb,200,7.1569576,7.0573897,7.3154197,7.834731,7.744602,8.139059,7.9744964,6.667134,6.0662537,7.707998,7.366404
1wok,7.48,data/pdbbind/general-set/1wok/1wok_ligand.sdf,data/pdbbind/general-set/1wok/1wok_ligand.mol2,data/pdbbind/general-set/1wok/1wok_protein.pdb,201,7.504363,7.1576724,7.6013994,7.617112,7.2117553,6.591362,7.0465484,7.7453074,6.9869194,7.4714336,7.293387
1x8t,7.8,data/pdbbind/refined-set/1x8t/1x8t_ligand.sdf,data/pdbbind/refined-set/1x8t/1x8t_ligand.mol2,data/pdbbind/refined-set/1x8t/1x8t_protein.pdb,202,6.614483,6.599842,5.971281,6.135347,5.6532536,6.6895943,6.1862574,5.856162,6.071746,6.3642178,6.214219
6mkq,6.16,data/pdbbind/general-set/6mkq/6mkq_ligand.sdf,data/pdbbind/general-set/6mkq/6mkq_ligand.mol2,data/pdbbind/general-set/6mkq/6mkq_protein.pdb,203,7.1621137,6.9457803,7.682643,7.2801156,6.8135934,7.508463,7.8918223,7.4874415,7.022967,7.1819763,7.2976913
5vdp,4.05,data/pdbbind/general-set/5vdp/5vdp_ligand.sdf,data/pdbbind/general-set/5vdp/5vdp_ligand.mol2,data/pdbbind/general-set/5vdp/5vdp_protein.pdb,204,5.0726585,4.860609,4.8688602,4.705984,5.4280224,4.0981545,5.10544,4.5801463,4.566714,4.460889,4.774748
1h8l,7.47,data/pdbbind/general-set/1h8l/1h8l_ligand.sdf,data/pdbbind/general-set/1h8l/1h8l_ligand.mol2,data/pdbbind/general-set/1h8l/1h8l_protein.pdb,205,5.307349,5.207361,5.532514,5.598203,5.042801,5.359871,5.602438,5.2007346,5.5873365,5.485749,5.3924356
3c9e,8.0,data/pdbbind/general-set/3c9e/3c9e_ligand.sdf,data/pdbbind/general-set/3c9e/3c9e_ligand.mol2,data/pdbbind/general-set/3c9e/3c9e_protein.pdb,206,7.6575603,6.58999,6.416497,7.037562,7.162648,6.9336095,6.6991806,6.7828507,7.749175,7.5018353,7.0530915
3bxg,4.96,data/pdbbind/refined-set/3bxg/3bxg_ligand.sdf,data/pdbbind/refined-set/3bxg/3bxg_ligand.mol2,data/pdbbind/refined-set/3bxg/3bxg_protein.pdb,207,4.424763,4.6266427,3.9480395,4.09984,4.042568,3.2816753,3.933556,3.6863208,4.2162275,3.8837733,4.0143404
3n1c,5.22,data/pdbbind/refined-set/3n1c/3n1c_ligand.sdf,data/pdbbind/refined-set/3n1c/3n1c_ligand.mol2,data/pdbbind/refined-set/3n1c/3n1c_protein.pdb,208,5.276141,5.28741,4.626116,4.630739,5.1460776,5.460169,4.742578,5.089949,5.2144847,5.720207,5.1193876
2ccb,7.45,data/pdbbind/refined-set/2ccb/2ccb_ligand.sdf,data/pdbbind/refined-set/2ccb/2ccb_ligand.mol2,data/pdbbind/refined-set/2ccb/2ccb_protein.pdb,209,6.2605357,6.1660576,6.1135263,6.6175666,6.5674515,6.5673375,5.7653084,6.3603477,7.1165805,6.7568946,6.429161
3ebh,6.32,data/pdbbind/refined-set/3ebh/3ebh_ligand.sdf,data/pdbbind/refined-set/3ebh/3ebh_ligand.mol2,data/pdbbind/refined-set/3ebh/3ebh_protein.pdb,210,6.8692064,6.7977977,6.481024,6.6638346,6.1273985,6.9255958,6.2354817,6.7802544,6.908213,6.3712482,6.616006
1pop,9.0,data/pdbbind/general-set/1pop/1pop_ligand.sdf,data/pdbbind/general-set/1pop/1pop_ligand.mol2,data/pdbbind/general-set/1pop/1pop_protein.pdb,211,7.892593,6.7629213,7.5866814,7.1490736,7.4566894,7.5487423,7.3618693,7.140301,6.7881727,7.7292094,7.341625
3su4,6.26,data/pdbbind/refined-set/3su4/3su4_ligand.sdf,data/pdbbind/refined-set/3su4/3su4_ligand.mol2,data/pdbbind/refined-set/3su4/3su4_protein.pdb,212,6.63934,6.8416467,6.3579564,6.2052875,6.8402567,6.408919,6.587562,5.8200326,7.2423725,6.3614354,6.530481
4zyq,8.01,data/pdbbind/general-set/4zyq/4zyq_ligand.sdf,data/pdbbind/general-set/4zyq/4zyq_ligand.mol2,data/pdbbind/general-set/4zyq/4zyq_protein.pdb,213,6.6020927,7.481722,7.2034516,7.0252447,6.8637743,7.049111,8.172049,7.3935313,7.3977847,7.162316,7.2351074
3ttm,8.52,data/pdbbind/refined-set/3ttm/3ttm_ligand.sdf,data/pdbbind/refined-set/3ttm/3ttm_ligand.mol2,data/pdbbind/refined-set/3ttm/3ttm_protein.pdb,214,6.5369515,6.7454515,7.4600487,8.759872,7.3991838,7.7881784,7.948149,7.3407216,7.699114,7.028468,7.470614
1i37,9.57,data/pdbbind/refined-set/1i37/1i37_ligand.sdf,data/pdbbind/refined-set/1i37/1i37_ligand.mol2,data/pdbbind/refined-set/1i37/1i37_protein.pdb,215,8.456197,8.609666,7.702614,8.064009,7.6225505,8.036152,8.60925,8.168278,7.7837615,8.319285,8.137176
1tpz,6.19,data/pdbbind/general-set/1tpz/1tpz_ligand.sdf,data/pdbbind/general-set/1tpz/1tpz_ligand.mol2,data/pdbbind/general-set/1tpz/1tpz_protein.pdb,216,6.064241,6.014958,6.0322533,5.6536527,5.4311366,6.7398667,6.4290133,6.6677604,6.4451385,6.455466,6.1933484
5z99,6.88,data/pdbbind/refined-set/5z99/5z99_ligand.sdf,data/pdbbind/refined-set/5z99/5z99_ligand.mol2,data/pdbbind/refined-set/5z99/5z99_protein.pdb,217,5.911859,6.029119,5.3304353,5.3808784,6.077282,5.8558736,5.8034925,6.0921655,6.6259203,5.7990646,5.8906093
1t46,6.43,data/pdbbind/general-set/1t46/1t46_ligand.sdf,data/pdbbind/general-set/1t46/1t46_ligand.mol2,data/pdbbind/general-set/1t46/1t46_protein.pdb,218,6.6299376,6.2104177,6.324475,5.8991027,5.9508524,6.449924,6.100324,6.154069,6.393907,6.063891,6.21769
4mnp,7.34,data/pdbbind/refined-set/4mnp/4mnp_ligand.sdf,data/pdbbind/refined-set/4mnp/4mnp_ligand.mol2,data/pdbbind/refined-set/4mnp/4mnp_protein.pdb,219,4.3121605,3.4004743,4.026427,2.8404787,4.227623,4.1810417,5.301558,3.8052425,3.7979252,4.7623024,4.065523
6d9s,5.96,data/pdbbind/refined-set/6d9s/6d9s_ligand.sdf,data/pdbbind/refined-set/6d9s/6d9s_ligand.mol2,data/pdbbind/refined-set/6d9s/6d9s_protein.pdb,220,6.0299296,5.7043138,5.8916607,5.7500806,6.0672083,5.542842,5.66892,6.0009594,4.9826517,5.5358663,5.717443
6esm,5.53,data/pdbbind/general-set/6esm/6esm_ligand.sdf,data/pdbbind/general-set/6esm/6esm_ligand.mol2,data/pdbbind/general-set/6esm/6esm_protein.pdb,221,7.6296124,7.7341948,7.0760674,7.4302945,6.758929,7.809091,7.2182236,7.624374,7.5147066,7.8376765,7.463317
6ftp,5.82,data/pdbbind/refined-set/6ftp/6ftp_ligand.sdf,data/pdbbind/refined-set/6ftp/6ftp_ligand.mol2,data/pdbbind/refined-set/6ftp/6ftp_protein.pdb,222,6.2030506,5.864762,6.281295,6.2286305,5.9490266,6.384908,5.7526126,6.231832,7.238016,6.175461,6.2309594
5lj1,4.5,data/pdbbind/general-set/5lj1/5lj1_ligand.sdf,data/pdbbind/general-set/5lj1/5lj1_ligand.mol2,data/pdbbind/general-set/5lj1/5lj1_protein.pdb,223,5.825479,5.659543,6.258962,5.7359996,5.823172,5.567187,6.538128,5.623678,6.245758,6.048519,5.932643
2pl0,7.21,data/pdbbind/general-set/2pl0/2pl0_ligand.sdf,data/pdbbind/general-set/2pl0/2pl0_ligand.mol2,data/pdbbind/general-set/2pl0/2pl0_protein.pdb,224,6.942256,6.145218,6.4437776,6.677043,6.3798385,6.497978,6.977431,5.697973,6.269855,5.9380984,6.396947
3hs4,8.0,data/pdbbind/refined-set/3hs4/3hs4_ligand.sdf,data/pdbbind/refined-set/3hs4/3hs4_ligand.mol2,data/pdbbind/refined-set/3hs4/3hs4_protein.pdb,225,7.852657,7.481971,7.6916595,7.5852175,7.8579345,7.7166266,7.6509137,7.7781987,7.2764874,7.72005,7.661171
2iw9,8.05,data/pdbbind/general-set/2iw9/2iw9_ligand.sdf,data/pdbbind/general-set/2iw9/2iw9_ligand.mol2,data/pdbbind/general-set/2iw9/2iw9_protein.pdb,226,6.6348276,6.515309,6.945508,6.7224617,7.04515,7.052551,7.1310983,6.9760394,6.692359,6.789012,6.850432
3dkg,5.0,data/pdbbind/general-set/3dkg/3dkg_ligand.sdf,data/pdbbind/general-set/3dkg/3dkg_ligand.mol2,data/pdbbind/general-set/3dkg/3dkg_protein.pdb,227,7.389381,6.3907547,6.9279976,6.8643727,7.235343,7.066718,7.215797,7.35021,6.6898813,7.449282,7.0579734
4o5b,8.3,data/pdbbind/general-set/4o5b/4o5b_ligand.sdf,data/pdbbind/general-set/4o5b/4o5b_ligand.mol2,data/pdbbind/general-set/4o5b/4o5b_protein.pdb,228,6.299979,6.757879,6.45295,6.1160574,6.6451902,6.6697245,6.4757657,6.7387004,6.226526,6.255602,6.4638376
5h9p,7.17,data/pdbbind/general-set/5h9p/5h9p_ligand.sdf,data/pdbbind/general-set/5h9p/5h9p_ligand.mol2,data/pdbbind/general-set/5h9p/5h9p_protein.pdb,229,7.5831413,7.094444,7.5684896,7.439631,6.8043866,7.0349054,7.2026596,7.7691097,7.254742,7.7841306,7.3535643
6h76,7.52,data/pdbbind/general-set/6h76/6h76_ligand.sdf,data/pdbbind/general-set/6h76/6h76_ligand.mol2,data/pdbbind/general-set/6h76/6h76_protein.pdb,230,5.385336,3.9444544,4.5533075,3.8786287,5.359872,5.1428976,6.2990685,4.830869,4.735199,5.4811783,4.961081
1w2x,5.14,data/pdbbind/general-set/1w2x/1w2x_ligand.sdf,data/pdbbind/general-set/1w2x/1w2x_ligand.mol2,data/pdbbind/general-set/1w2x/1w2x_protein.pdb,231,6.337703,5.9688654,6.0744734,5.637642,5.501396,5.527748,6.0581055,5.6836286,4.642041,5.973697,5.74053
6g9f,6.23,data/pdbbind/general-set/6g9f/6g9f_ligand.sdf,data/pdbbind/general-set/6g9f/6g9f_ligand.mol2,data/pdbbind/general-set/6g9f/6g9f_protein.pdb,232,7.2261314,6.7371078,7.568427,7.357761,7.0067844,6.547888,7.622609,6.7230334,6.5476623,7.094889,7.043229
4mm5,7.74,data/pdbbind/general-set/4mm5/4mm5_ligand.sdf,data/pdbbind/general-set/4mm5/4mm5_ligand.mol2,data/pdbbind/general-set/4mm5/4mm5_protein.pdb,233,5.5552764,5.9126487,4.972483,5.827205,5.864765,6.1220074,5.327162,6.6394105,5.693425,5.2362304,5.7150617
4kxb,4.12,data/pdbbind/refined-set/4kxb/4kxb_ligand.sdf,data/pdbbind/refined-set/4kxb/4kxb_ligand.mol2,data/pdbbind/refined-set/4kxb/4kxb_protein.pdb,234,6.241306,6.6842823,6.1034675,6.655006,6.550607,6.522066,6.22594,7.028004,7.325424,6.0298147,6.536592
6mle,9.0,data/pdbbind/refined-set/6mle/6mle_ligand.sdf,data/pdbbind/refined-set/6mle/6mle_ligand.mol2,data/pdbbind/refined-set/6mle/6mle_protein.pdb,235,6.3500333,5.8457704,5.6229153,6.1245937,7.2778306,6.1457157,5.9341555,6.014892,5.884816,6.4224253,6.1623144
1hk4,5.31,data/pdbbind/refined-set/1hk4/1hk4_ligand.sdf,data/pdbbind/refined-set/1hk4/1hk4_ligand.mol2,data/pdbbind/refined-set/1hk4/1hk4_protein.pdb,236,6.9901185,6.626854,6.592713,6.9406753,6.5337744,6.7503915,6.3799796,7.172196,6.493304,7.2320967,6.7712107
4zzd,6.6,data/pdbbind/refined-set/4zzd/4zzd_ligand.sdf,data/pdbbind/refined-set/4zzd/4zzd_ligand.mol2,data/pdbbind/refined-set/4zzd/4zzd_protein.pdb,237,6.552015,6.454211,5.823106,6.370436,6.706673,5.944751,6.7625976,6.3744235,6.4585485,6.5659194,6.401268
6mla,4.38,data/pdbbind/refined-set/6mla/6mla_ligand.sdf,data/pdbbind/refined-set/6mla/6mla_ligand.mol2,data/pdbbind/refined-set/6mla/6mla_protein.pdb,238,5.7968683,4.298154,4.9908133,4.91724,6.0604267,5.600875,4.7744975,5.05816,4.9561276,5.4467845,5.1899943
4del,7.68,data/pdbbind/refined-set/4del/4del_ligand.sdf,data/pdbbind/refined-set/4del/4del_ligand.mol2,data/pdbbind/refined-set/4del/4del_protein.pdb,239,6.979846,6.2379284,6.161119,5.729662,6.1141534,5.8814225,6.955716,5.088711,5.0829926,6.9899163,6.1221466
5ne3,7.84,data/pdbbind/general-set/5ne3/5ne3_ligand.sdf,data/pdbbind/general-set/5ne3/5ne3_ligand.mol2,data/pdbbind/general-set/5ne3/5ne3_protein.pdb,240,7.2485576,6.81266,7.218595,7.3580785,7.20707,7.234571,7.358999,7.1565456,6.808266,6.995125,7.139847
2q2a,7.41,data/pdbbind/refined-set/2q2a/2q2a_ligand.sdf,data/pdbbind/refined-set/2q2a/2q2a_ligand.mol2,data/pdbbind/refined-set/2q2a/2q2a_protein.pdb,241,5.5014873,4.9891143,6.164915,5.699992,5.7723603,6.086638,5.002209,5.371203,5.4758306,6.3659797,5.642973
6g3a,8.38,data/pdbbind/refined-set/6g3a/6g3a_ligand.sdf,data/pdbbind/refined-set/6g3a/6g3a_ligand.mol2,data/pdbbind/refined-set/6g3a/6g3a_protein.pdb,242,7.1284347,6.698613,6.9421186,7.070403,7.0633154,7.363809,7.000146,6.937334,6.9779525,6.8641663,7.0046287
5mra,8.0,data/pdbbind/general-set/5mra/5mra_ligand.sdf,data/pdbbind/general-set/5mra/5mra_ligand.mol2,data/pdbbind/general-set/5mra/5mra_protein.pdb,243,4.9080315,5.1330214,5.4069214,4.580919,5.5740027,4.9330783,4.8159857,5.3982587,5.3587947,5.44142,5.1550436
1ll4,7.22,data/pdbbind/general-set/1ll4/1ll4_ligand.sdf,data/pdbbind/general-set/1ll4/1ll4_ligand.mol2,data/pdbbind/general-set/1ll4/1ll4_protein.pdb,244,7.126409,7.360271,7.711595,8.00421,6.669734,7.606466,7.8553176,6.961423,6.245882,6.647223,7.218853
2h4n,8.7,data/pdbbind/refined-set/2h4n/2h4n_ligand.sdf,data/pdbbind/refined-set/2h4n/2h4n_ligand.mol2,data/pdbbind/refined-set/2h4n/2h4n_protein.pdb,245,7.9906816,7.678709,7.881389,7.9870234,7.816077,7.9067535,8.058513,8.052353,7.9509397,8.312913,7.9635353
3imy,9.7,data/pdbbind/general-set/3imy/3imy_ligand.sdf,data/pdbbind/general-set/3imy/3imy_ligand.mol2,data/pdbbind/general-set/3imy/3imy_protein.pdb,246,8.579315,7.703367,8.419143,8.369321,8.9105835,8.753302,9.001528,8.732297,8.556601,8.63727,8.566273
3zzh,3.36,data/pdbbind/general-set/3zzh/3zzh_ligand.sdf,data/pdbbind/general-set/3zzh/3zzh_ligand.mol2,data/pdbbind/general-set/3zzh/3zzh_protein.pdb,247,3.2560332,3.4812498,3.8540485,4.5197353,3.4364939,3.9634166,3.842401,3.7631555,3.740394,3.7307591,3.7587688
6cv8,3.17,data/pdbbind/general-set/6cv8/6cv8_ligand.sdf,data/pdbbind/general-set/6cv8/6cv8_ligand.mol2,data/pdbbind/general-set/6cv8/6cv8_protein.pdb,248,4.221127,4.150274,4.2132864,3.627775,3.7824895,3.7661982,2.981749,4.28326,4.13778,4.5376906,3.9701629
4r76,7.85,data/pdbbind/refined-set/4r76/4r76_ligand.sdf,data/pdbbind/refined-set/4r76/4r76_ligand.mol2,data/pdbbind/refined-set/4r76/4r76_protein.pdb,249,9.609606,9.404997,10.015385,10.05199,9.912902,10.475552,10.819348,9.901494,10.069479,9.936681,10.019744
3czv,7.8,data/pdbbind/refined-set/3czv/3czv_ligand.sdf,data/pdbbind/refined-set/3czv/3czv_ligand.mol2,data/pdbbind/refined-set/3czv/3czv_protein.pdb,250,8.0113535,7.3774495,7.9874754,7.6681547,8.07959,7.797711,7.6122694,7.83396,7.1437783,7.764821,7.7276564
3rcd,7.77,data/pdbbind/general-set/3rcd/3rcd_ligand.sdf,data/pdbbind/general-set/3rcd/3rcd_ligand.mol2,data/pdbbind/general-set/3rcd/3rcd_protein.pdb,251,6.8423605,6.9797525,6.3653255,6.108116,6.358088,6.3572025,6.6464734,6.7278094,7.029495,6.6392746,6.60539
1e1y,5.6,data/pdbbind/general-set/1e1y/1e1y_ligand.sdf,data/pdbbind/general-set/1e1y/1e1y_ligand.mol2,data/pdbbind/general-set/1e1y/1e1y_protein.pdb,252,6.3706007,6.1506824,6.1404185,5.737504,6.0502534,6.4643435,6.0339785,6.2261815,5.8862886,5.9806437,6.104089
3nes,5.62,data/pdbbind/refined-set/3nes/3nes_ligand.sdf,data/pdbbind/refined-set/3nes/3nes_ligand.mol2,data/pdbbind/refined-set/3nes/3nes_protein.pdb,253,6.74745,6.039601,7.4219356,6.593613,6.9889884,6.4924254,6.709326,6.26511,7.222929,6.5630226,6.70444
2isw,7.43,data/pdbbind/refined-set/2isw/2isw_ligand.sdf,data/pdbbind/refined-set/2isw/2isw_ligand.mol2,data/pdbbind/refined-set/2isw/2isw_protein.pdb,254,5.7414665,5.7739606,5.9982877,5.432793,5.357437,5.8559327,6.8964777,4.9307995,4.6467953,6.0655513,5.66995
2qmj,4.21,data/pdbbind/general-set/2qmj/2qmj_ligand.sdf,data/pdbbind/general-set/2qmj/2qmj_ligand.mol2,data/pdbbind/general-set/2qmj/2qmj_protein.pdb,255,6.4975734,6.155922,6.5718813,6.3565936,6.2318654,5.8678617,5.908583,5.3615255,6.0839057,6.0921955,6.1127906
1hk3,6.59,data/pdbbind/general-set/1hk3/1hk3_ligand.sdf,data/pdbbind/general-set/1hk3/1hk3_ligand.mol2,data/pdbbind/general-set/1hk3/1hk3_protein.pdb,256,7.5698595,6.0654364,7.2541757,6.7826104,5.946713,6.918269,6.906616,6.6401043,6.4176717,6.236793,6.6738253
3sv8,7.91,data/pdbbind/general-set/3sv8/3sv8_ligand.sdf,data/pdbbind/general-set/3sv8/3sv8_ligand.mol2,data/pdbbind/general-set/3sv8/3sv8_protein.pdb,257,7.5179873,6.8666196,7.290601,7.3254743,6.6265454,7.5588827,8.003958,7.461266,7.472394,7.636237,7.375997
4usj,4.0,data/pdbbind/general-set/4usj/4usj_ligand.sdf,data/pdbbind/general-set/4usj/4usj_ligand.mol2,data/pdbbind/general-set/4usj/4usj_protein.pdb,258,2.649008,2.5110142,2.747104,3.6191409,3.4968536,3.8557692,2.5118582,3.174927,2.5154512,2.9121664,2.9993293
2g83,5.92,data/pdbbind/general-set/2g83/2g83_ligand.sdf,data/pdbbind/general-set/2g83/2g83_ligand.mol2,data/pdbbind/general-set/2g83/2g83_protein.pdb,259,6.259545,7.21663,6.4878693,6.3114934,5.8694963,5.78237,6.3905644,5.955981,6.717619,5.449998,6.244157
2vx9,7.44,data/pdbbind/general-set/2vx9/2vx9_ligand.sdf,data/pdbbind/general-set/2vx9/2vx9_ligand.mol2,data/pdbbind/general-set/2vx9/2vx9_protein.pdb,260,5.8974357,6.222349,5.5821466,6.3905687,6.8219748,6.3646083,5.6764235,6.2115383,5.846717,6.6386805,6.165244
3kdm,7.0,data/pdbbind/refined-set/3kdm/3kdm_ligand.sdf,data/pdbbind/refined-set/3kdm/3kdm_ligand.mol2,data/pdbbind/refined-set/3kdm/3kdm_protein.pdb,261,6.4812155,5.7802744,5.7296696,6.060237,6.29504,7.111731,6.244884,6.6473765,7.5726786,6.388078,6.431119
3ff6,7.15,data/pdbbind/general-set/3ff6/3ff6_ligand.sdf,data/pdbbind/general-set/3ff6/3ff6_ligand.mol2,data/pdbbind/general-set/3ff6/3ff6_protein.pdb,262,6.4975486,6.05535,5.931845,5.4768543,5.5927587,5.3585777,6.183789,5.2455897,5.3673553,5.730882,5.744055
2fl5,8.74,data/pdbbind/general-set/2fl5/2fl5_ligand.sdf,data/pdbbind/general-set/2fl5/2fl5_ligand.mol2,data/pdbbind/general-set/2fl5/2fl5_protein.pdb,263,6.347216,6.8910484,6.020735,6.315787,6.5822115,6.5834775,6.8453803,6.1158824,7.3922462,6.73153,6.5825515
6det,8.22,data/pdbbind/refined-set/6det/6det_ligand.sdf,data/pdbbind/refined-set/6det/6det_ligand.mol2,data/pdbbind/refined-set/6det/6det_protein.pdb,264,5.367644,5.1771083,5.598414,5.044651,5.387427,5.6911964,5.279548,5.321469,5.1908154,5.332534,5.339081
6ajz,4.34,data/pdbbind/refined-set/6ajz/6ajz_ligand.sdf,data/pdbbind/refined-set/6ajz/6ajz_ligand.mol2,data/pdbbind/refined-set/6ajz/6ajz_protein.pdb,265,5.1936436,5.5790486,5.5875,5.7499104,5.008543,5.4344673,6.3338547,5.5202117,5.256568,6.2851744,5.594892
6mlj,7.26,data/pdbbind/refined-set/6mlj/6mlj_ligand.sdf,data/pdbbind/refined-set/6mlj/6mlj_ligand.mol2,data/pdbbind/refined-set/6mlj/6mlj_protein.pdb,266,6.187691,5.549404,5.5804534,5.643303,6.8689466,6.6730514,5.540304,6.0030713,5.7119007,6.438304,6.019643
4tju,5.44,data/pdbbind/general-set/4tju/4tju_ligand.sdf,data/pdbbind/general-set/4tju/4tju_ligand.mol2,data/pdbbind/general-set/4tju/4tju_protein.pdb,267,7.270659,7.092458,7.480648,7.498893,7.1627393,6.776269,7.191503,7.980502,7.439068,7.317861,7.32106
6jof,4.98,data/pdbbind/refined-set/6jof/6jof_ligand.sdf,data/pdbbind/refined-set/6jof/6jof_ligand.mol2,data/pdbbind/refined-set/6jof/6jof_protein.pdb,268,6.8054967,6.1676974,6.1785107,6.811214,6.8119497,6.66275,6.2532706,6.5440364,6.514515,6.358297,6.5107737
3uo6,7.82,data/pdbbind/general-set/3uo6/3uo6_ligand.sdf,data/pdbbind/general-set/3uo6/3uo6_ligand.mol2,data/pdbbind/general-set/3uo6/3uo6_protein.pdb,269,7.8638406,7.728228,7.7786508,7.933299,7.80701,7.767521,8.16657,7.8158336,7.5287952,8.1094265,7.8499174
1hk5,5.24,data/pdbbind/general-set/1hk5/1hk5_ligand.sdf,data/pdbbind/general-set/1hk5/1hk5_ligand.mol2,data/pdbbind/general-set/1hk5/1hk5_protein.pdb,270,7.195348,6.6471577,6.14865,6.6397223,6.39758,6.8326435,5.9689426,6.691669,6.608936,6.829576,6.596022
4o78,5.34,data/pdbbind/general-set/4o78/4o78_ligand.sdf,data/pdbbind/general-set/4o78/4o78_ligand.mol2,data/pdbbind/general-set/4o78/4o78_protein.pdb,271,6.1816196,6.880224,6.423016,6.1409674,6.415473,5.9586806,6.5353336,6.45527,6.0315413,6.231355,6.325348
6hgf,5.02,data/pdbbind/refined-set/6hgf/6hgf_ligand.sdf,data/pdbbind/refined-set/6hgf/6hgf_ligand.mol2,data/pdbbind/refined-set/6hgf/6hgf_protein.pdb,272,6.186678,6.2933292,5.4149942,6.7169127,6.447922,6.9928145,6.9622064,6.913377,6.5164895,6.7136207,6.515835
3t8s,8.55,data/pdbbind/general-set/3t8s/3t8s_ligand.sdf,data/pdbbind/general-set/3t8s/3t8s_ligand.mol2,data/pdbbind/general-set/3t8s/3t8s_protein.pdb,273,5.076966,5.0493274,4.5143776,4.587584,4.1592436,4.7148595,3.4201236,4.775674,4.3954,4.896371,4.5589924
1o5e,5.74,data/pdbbind/refined-set/1o5e/1o5e_ligand.sdf,data/pdbbind/refined-set/1o5e/1o5e_ligand.mol2,data/pdbbind/refined-set/1o5e/1o5e_protein.pdb,274,5.7865868,5.8644586,6.4417562,6.2374916,5.9296207,5.8887377,6.465069,5.6027007,5.9735312,6.0066347,6.019658
1los,7.19,data/pdbbind/general-set/1los/1los_ligand.sdf,data/pdbbind/general-set/1los/1los_ligand.mol2,data/pdbbind/general-set/1los/1los_protein.pdb,275,6.3274283,6.4830785,5.9087844,7.2641463,6.7257853,7.756092,6.917285,6.0334477,6.139421,7.6160083,6.717148
4loj,6.52,data/pdbbind/general-set/4loj/4loj_ligand.sdf,data/pdbbind/general-set/4loj/4loj_ligand.mol2,data/pdbbind/general-set/4loj/4loj_protein.pdb,276,5.8446426,5.75551,5.4702916,6.551588,5.9966526,5.889454,5.4453645,5.9104085,5.6689696,5.7257032,5.8258586
5hgc,8.66,data/pdbbind/general-set/5hgc/5hgc_ligand.sdf,data/pdbbind/general-set/5hgc/5hgc_ligand.mol2,data/pdbbind/general-set/5hgc/5hgc_protein.pdb,277,5.2456093,6.208679,5.1899085,5.6758194,6.162552,5.7194996,6.3037605,5.84769,5.177073,6.1931853,5.772378
5ier,4.89,data/pdbbind/general-set/5ier/5ier_ligand.sdf,data/pdbbind/general-set/5ier/5ier_ligand.mol2,data/pdbbind/general-set/5ier/5ier_protein.pdb,278,7.0684586,6.4980993,6.456003,7.0663543,6.894574,6.7269564,6.988069,6.8923063,5.878211,6.7903476,6.725938
6hgg,5.42,data/pdbbind/refined-set/6hgg/6hgg_ligand.sdf,data/pdbbind/refined-set/6hgg/6hgg_ligand.mol2,data/pdbbind/refined-set/6hgg/6hgg_protein.pdb,279,6.3317537,5.8824644,5.809239,6.7119007,6.537978,6.287837,6.83552,6.8306828,6.9072256,7.009707,6.51443
1gj4,4.07,data/pdbbind/general-set/1gj4/1gj4_ligand.sdf,data/pdbbind/general-set/1gj4/1gj4_ligand.mol2,data/pdbbind/general-set/1gj4/1gj4_protein.pdb,280,4.806588,4.6946836,5.02631,4.520723,5.0804033,5.0538034,5.0597353,4.8019915,4.910134,4.7917805,4.8746147
1drj,7.4,data/pdbbind/refined-set/1drj/1drj_ligand.sdf,data/pdbbind/refined-set/1drj/1drj_ligand.mol2,data/pdbbind/refined-set/1drj/1drj_protein.pdb,281,6.3493166,6.3275533,5.673227,5.476143,6.057326,5.1475797,5.1445384,6.6115956,6.4998083,6.515187,5.9802275
1txr,7.74,data/pdbbind/refined-set/1txr/1txr_ligand.sdf,data/pdbbind/refined-set/1txr/1txr_ligand.mol2,data/pdbbind/refined-set/1txr/1txr_protein.pdb,282,7.6921496,7.929757,8.039008,7.396838,7.5440965,7.6008515,7.593625,7.929041,8.031755,7.534819,7.7291946
2oiq,5.0,data/pdbbind/refined-set/2oiq/2oiq_ligand.sdf,data/pdbbind/refined-set/2oiq/2oiq_ligand.mol2,data/pdbbind/refined-set/2oiq/2oiq_protein.pdb,283,6.5526724,5.917885,6.302259,6.343266,5.925486,6.0464797,6.500272,5.685997,6.1597233,5.516807,6.095084
1ydd,7.07,data/pdbbind/refined-set/1ydd/1ydd_ligand.sdf,data/pdbbind/refined-set/1ydd/1ydd_ligand.mol2,data/pdbbind/refined-set/1ydd/1ydd_protein.pdb,284,7.5060143,7.0929008,7.473776,7.86898,7.6059947,7.5488496,7.361176,7.6804047,7.485571,7.5476766,7.517134
2vxn,5.0,data/pdbbind/refined-set/2vxn/2vxn_ligand.sdf,data/pdbbind/refined-set/2vxn/2vxn_ligand.mol2,data/pdbbind/refined-set/2vxn/2vxn_protein.pdb,285,6.9559617,5.3773704,6.3248672,6.6449957,6.5335236,6.7874317,6.393023,5.3904805,5.676695,5.966829,6.2051177
3cjf,8.2,data/pdbbind/general-set/3cjf/3cjf_ligand.sdf,data/pdbbind/general-set/3cjf/3cjf_ligand.mol2,data/pdbbind/general-set/3cjf/3cjf_protein.pdb,286,6.929384,7.1319075,6.881542,6.7057934,7.363551,6.912148,7.1323295,7.206826,7.1285563,6.74777,7.01398
3bcn,7.12,data/pdbbind/general-set/3bcn/3bcn_ligand.sdf,data/pdbbind/general-set/3bcn/3bcn_ligand.mol2,data/pdbbind/general-set/3bcn/3bcn_protein.pdb,287,6.177249,6.387967,6.503782,7.1228704,6.45384,6.5820312,6.8667703,7.37931,5.981986,6.7668734,6.6222677
4lzr,4.7,data/pdbbind/refined-set/4lzr/4lzr_ligand.sdf,data/pdbbind/refined-set/4lzr/4lzr_ligand.mol2,data/pdbbind/refined-set/4lzr/4lzr_protein.pdb,288,4.9961042,5.1492085,5.2139654,5.184588,4.9538584,5.1574016,6.1973677,5.699676,4.821199,5.9640326,5.33374
2rc9,7.4,data/pdbbind/general-set/2rc9/2rc9_ligand.sdf,data/pdbbind/general-set/2rc9/2rc9_ligand.mol2,data/pdbbind/general-set/2rc9/2rc9_protein.pdb,289,4.417185,4.30536,3.623817,5.62193,4.467225,4.22969,4.4974236,3.3502536,3.9261866,4.0900683,4.2529135
3hig,7.89,data/pdbbind/refined-set/3hig/3hig_ligand.sdf,data/pdbbind/refined-set/3hig/3hig_ligand.mol2,data/pdbbind/refined-set/3hig/3hig_protein.pdb,290,5.6331644,5.5685153,6.2763343,5.507195,6.2906685,6.245468,6.558499,6.2848363,6.298889,6.014449,6.067802
4loh,6.96,data/pdbbind/refined-set/4loh/4loh_ligand.sdf,data/pdbbind/refined-set/4loh/4loh_ligand.mol2,data/pdbbind/refined-set/4loh/4loh_protein.pdb,291,6.093705,5.9518785,5.947736,6.5201836,6.1408844,6.2939343,5.803966,6.05971,5.8567476,6.5383606,6.120711
4r73,7.64,data/pdbbind/refined-set/4r73/4r73_ligand.sdf,data/pdbbind/refined-set/4r73/4r73_ligand.mol2,data/pdbbind/refined-set/4r73/4r73_protein.pdb,292,4.4494815,4.554334,4.5611887,4.325169,3.4604506,4.235568,4.228933,4.434798,4.8757696,4.9535036,4.40792
3su3,9.13,data/pdbbind/refined-set/3su3/3su3_ligand.sdf,data/pdbbind/refined-set/3su3/3su3_ligand.mol2,data/pdbbind/refined-set/3su3/3su3_protein.pdb,293,6.454376,6.4535446,6.1665435,6.520708,7.0331583,6.580737,6.542798,5.9302955,7.3544755,6.395645,6.543228
1azm,6.1,data/pdbbind/refined-set/1azm/1azm_ligand.sdf,data/pdbbind/refined-set/1azm/1azm_ligand.mol2,data/pdbbind/refined-set/1azm/1azm_protein.pdb,294,8.087567,7.251327,8.1300955,8.0828,7.804488,7.60486,7.758623,7.729594,7.388382,7.6404214,7.7478156
4gki,4.46,data/pdbbind/refined-set/4gki/4gki_ligand.sdf,data/pdbbind/refined-set/4gki/4gki_ligand.mol2,data/pdbbind/refined-set/4gki/4gki_protein.pdb,295,5.9333324,6.6239724,5.8878894,5.925911,6.7436786,6.087953,6.64916,6.459338,5.967017,5.2100344,6.1488285
3e85,5.38,data/pdbbind/general-set/3e85/3e85_ligand.sdf,data/pdbbind/general-set/3e85/3e85_ligand.mol2,data/pdbbind/general-set/3e85/3e85_protein.pdb,296,4.602391,4.386066,4.562368,4.2300296,4.28539,5.1152325,4.839954,5.0659347,4.7242646,4.4635844,4.6275215
1e9h,7.46,data/pdbbind/general-set/1e9h/1e9h_ligand.sdf,data/pdbbind/general-set/1e9h/1e9h_ligand.mol2,data/pdbbind/general-set/1e9h/1e9h_protein.pdb,297,7.2198524,6.600463,6.547099,6.4875097,7.0546765,6.372776,6.6963763,6.746616,7.1466556,7.097778,6.7969804
6joe,7.04,data/pdbbind/general-set/6joe/6joe_ligand.sdf,data/pdbbind/general-set/6joe/6joe_ligand.mol2,data/pdbbind/general-set/6joe/6joe_protein.pdb,298,7.5813193,6.8640623,7.1942434,7.131412,7.1364417,7.4003434,7.7096877,6.7658043,7.4134493,7.4766955,7.2673454
6g39,8.34,data/pdbbind/refined-set/6g39/6g39_ligand.sdf,data/pdbbind/refined-set/6g39/6g39_ligand.mol2,data/pdbbind/refined-set/6g39/6g39_protein.pdb,299,7.055652,6.7956386,6.719309,6.9982367,7.107015,6.7545233,7.2727876,6.9593406,6.9363403,6.8317575,6.9430604
2x6k,5.64,data/pdbbind/general-set/2x6k/2x6k_ligand.sdf,data/pdbbind/general-set/2x6k/2x6k_ligand.mol2,data/pdbbind/general-set/2x6k/2x6k_protein.pdb,300,6.6604443,7.058596,6.622733,5.8311925,6.5000863,6.3537717,6.4697385,5.7459326,6.321869,5.8659773,6.3430343
1h1s,8.22,data/pdbbind/refined-set/1h1s/1h1s_ligand.sdf,data/pdbbind/refined-set/1h1s/1h1s_ligand.mol2,data/pdbbind/refined-set/1h1s/1h1s_protein.pdb,301,6.902833,6.754615,6.974294,6.823024,6.9816084,7.225786,7.0160155,6.8889794,6.823049,7.0035057,6.9393706
5ax3,5.92,data/pdbbind/general-set/5ax3/5ax3_ligand.sdf,data/pdbbind/general-set/5ax3/5ax3_ligand.mol2,data/pdbbind/general-set/5ax3/5ax3_protein.pdb,302,6.744033,6.3402805,5.880769,5.612694,6.148446,6.558945,7.505234,6.7240868,6.623043,6.494379,6.463191
3dc3,8.31,data/pdbbind/refined-set/3dc3/3dc3_ligand.sdf,data/pdbbind/refined-set/3dc3/3dc3_ligand.mol2,data/pdbbind/refined-set/3dc3/3dc3_protein.pdb,303,7.886289,7.37792,7.9479356,7.8207545,7.8886566,7.8213387,7.720069,7.925849,7.2761307,7.6765122,7.734146
4uxb,7.96,data/pdbbind/general-set/4uxb/4uxb_ligand.sdf,data/pdbbind/general-set/4uxb/4uxb_ligand.mol2,data/pdbbind/general-set/4uxb/4uxb_protein.pdb,304,5.619736,5.3906636,6.1361203,5.36084,5.591736,6.1893578,5.520986,5.9023104,5.8767776,5.8944373,5.748296
1r5n,5.42,data/pdbbind/general-set/1r5n/1r5n_ligand.sdf,data/pdbbind/general-set/1r5n/1r5n_ligand.mol2,data/pdbbind/general-set/1r5n/1r5n_protein.pdb,305,5.9959397,6.510186,5.9334445,6.762937,6.8467555,6.427283,6.5150127,6.243654,6.6109743,6.0633974,6.3909583
6mlo,6.1,data/pdbbind/refined-set/6mlo/6mlo_ligand.sdf,data/pdbbind/refined-set/6mlo/6mlo_ligand.mol2,data/pdbbind/refined-set/6mlo/6mlo_protein.pdb,306,5.4312825,4.838829,5.6620545,5.1735344,6.5429397,5.6271915,5.225461,5.360602,4.680247,5.5811763,5.412332
2hyy,6.77,data/pdbbind/general-set/2hyy/2hyy_ligand.sdf,data/pdbbind/general-set/2hyy/2hyy_ligand.mol2,data/pdbbind/general-set/2hyy/2hyy_protein.pdb,307,7.104158,6.589782,6.5034914,6.642957,6.604905,6.674042,6.5261188,6.3173037,6.139028,6.4726095,6.5574393
1y20,5.32,data/pdbbind/refined-set/1y20/1y20_ligand.sdf,data/pdbbind/refined-set/1y20/1y20_ligand.mol2,data/pdbbind/refined-set/1y20/1y20_protein.pdb,308,5.08244,3.9964237,3.942304,4.72229,5.34623,4.397387,4.9912114,3.2353544,2.9935117,5.1641335,4.387129
1jd0,8.24,data/pdbbind/general-set/1jd0/1jd0_ligand.sdf,data/pdbbind/general-set/1jd0/1jd0_ligand.mol2,data/pdbbind/general-set/1jd0/1jd0_protein.pdb,309,7.793034,7.5359697,7.552285,7.6461935,7.67417,7.471536,7.49531,7.5777164,6.9043794,7.4873133,7.513791
3sv9,5.0,data/pdbbind/general-set/3sv9/3sv9_ligand.sdf,data/pdbbind/general-set/3sv9/3sv9_ligand.mol2,data/pdbbind/general-set/3sv9/3sv9_protein.pdb,310,6.563448,6.83764,7.030281,7.4501853,6.28939,7.322757,7.242329,6.885156,7.228497,7.158098,7.000778
1ype,8.1,data/pdbbind/refined-set/1ype/1ype_ligand.sdf,data/pdbbind/refined-set/1ype/1ype_ligand.mol2,data/pdbbind/refined-set/1ype/1ype_protein.pdb,311,6.7469935,6.3704305,6.272734,6.6964374,6.617263,6.79731,7.037803,5.988189,7.1905074,6.9925747,6.6710243
3dkf,8.57,data/pdbbind/general-set/3dkf/3dkf_ligand.sdf,data/pdbbind/general-set/3dkf/3dkf_ligand.mol2,data/pdbbind/general-set/3dkf/3dkf_protein.pdb,312,7.8891406,7.577386,7.324368,7.3922243,7.658623,7.459698,7.190398,7.72446,7.2146573,7.4195266,7.485048
5h9q,4.42,data/pdbbind/general-set/5h9q/5h9q_ligand.sdf,data/pdbbind/general-set/5h9q/5h9q_ligand.mol2,data/pdbbind/general-set/5h9q/5h9q_protein.pdb,313,7.320252,6.544264,6.362609,6.4126887,6.4358654,6.6260896,6.4131694,6.644373,6.3631787,7.079512,6.6201997
2xhm,6.8,data/pdbbind/refined-set/2xhm/2xhm_ligand.sdf,data/pdbbind/refined-set/2xhm/2xhm_ligand.mol2,data/pdbbind/refined-set/2xhm/2xhm_protein.pdb,314,5.2001004,6.172421,5.9202456,5.629831,5.072105,6.0685716,5.798745,5.199751,4.794992,5.4852886,5.534205
2pqc,5.74,data/pdbbind/refined-set/2pqc/2pqc_ligand.sdf,data/pdbbind/refined-set/2pqc/2pqc_ligand.mol2,data/pdbbind/refined-set/2pqc/2pqc_protein.pdb,315,6.9212413,7.0201125,6.352167,6.5297,6.4436936,6.5899205,5.7905607,6.3985605,6.853457,6.845699,6.574511
4p6x,7.04,data/pdbbind/refined-set/4p6x/4p6x_ligand.sdf,data/pdbbind/refined-set/4p6x/4p6x_ligand.mol2,data/pdbbind/refined-set/4p6x/4p6x_protein.pdb,316,7.457167,8.384383,7.1368623,6.4713974,7.5244985,7.420781,7.602452,7.1739264,7.365363,7.648958,7.418578
1hk2,6.77,data/pdbbind/general-set/1hk2/1hk2_ligand.sdf,data/pdbbind/general-set/1hk2/1hk2_ligand.mol2,data/pdbbind/general-set/1hk2/1hk2_protein.pdb,317,7.3556786,6.3063416,7.199137,6.899427,6.5303044,7.030869,6.657259,6.994307,6.6976485,7.296221,6.8967195
4mmp,7.71,data/pdbbind/refined-set/4mmp/4mmp_ligand.sdf,data/pdbbind/refined-set/4mmp/4mmp_ligand.mol2,data/pdbbind/refined-set/4mmp/4mmp_protein.pdb,318,4.578328,3.7885594,3.95507,3.2263203,4.506355,5.1604037,5.2834415,4.476764,4.6133733,4.8537846,4.4442396
4np9,5.03,data/pdbbind/refined-set/4np9/4np9_ligand.sdf,data/pdbbind/refined-set/4np9/4np9_ligand.mol2,data/pdbbind/refined-set/4np9/4np9_protein.pdb,319,4.7982607,4.379129,4.140956,4.4477625,3.9067154,4.30059,3.148448,3.8666363,4.2638283,4.9525704,4.2204895
5gv2,5.65,data/pdbbind/general-set/5gv2/5gv2_ligand.sdf,data/pdbbind/general-set/5gv2/5gv2_ligand.mol2,data/pdbbind/general-set/5gv2/5gv2_protein.pdb,320,4.219606,3.1526408,4.1389785,4.9485245,4.0530314,4.5374126,4.719105,4.440103,3.593038,3.6426723,4.144511
2xtk,3.79,data/pdbbind/general-set/2xtk/2xtk_ligand.sdf,data/pdbbind/general-set/2xtk/2xtk_ligand.mol2,data/pdbbind/general-set/2xtk/2xtk_protein.pdb,321,7.411995,5.9067664,6.4643364,6.0082994,7.416019,5.761294,6.8965855,6.61297,5.8444095,6.989555,6.5312223
1o33,5.74,data/pdbbind/refined-set/1o33/1o33_ligand.sdf,data/pdbbind/refined-set/1o33/1o33_ligand.mol2,data/pdbbind/refined-set/1o33/1o33_protein.pdb,322,5.746332,5.6129065,5.4634395,5.664366,6.1607914,5.346985,5.7494774,5.423167,5.3195386,5.337023,5.5824027
3kr4,7.6,data/pdbbind/refined-set/3kr4/3kr4_ligand.sdf,data/pdbbind/refined-set/3kr4/3kr4_ligand.mol2,data/pdbbind/refined-set/3kr4/3kr4_protein.pdb,323,6.6162286,7.2204776,6.8163075,6.666552,6.995864,7.241712,6.933327,7.3887343,8.004011,6.903104,7.0786314
1b57,8.0,data/pdbbind/refined-set/1b57/1b57_ligand.sdf,data/pdbbind/refined-set/1b57/1b57_ligand.mol2,data/pdbbind/refined-set/1b57/1b57_protein.pdb,324,6.948292,6.0533643,5.9721346,6.196046,6.371725,5.985861,6.743511,5.4655004,5.4644375,6.644556,6.184542
1ftk,4.84,data/pdbbind/general-set/1ftk/1ftk_ligand.sdf,data/pdbbind/general-set/1ftk/1ftk_ligand.mol2,data/pdbbind/general-set/1ftk/1ftk_protein.pdb,325,5.2437677,5.211817,5.408852,5.235293,5.511824,5.3232064,5.7171345,5.7507496,5.047678,5.296146,5.374646
5ewk,4.85,data/pdbbind/refined-set/5ewk/5ewk_ligand.sdf,data/pdbbind/refined-set/5ewk/5ewk_ligand.mol2,data/pdbbind/refined-set/5ewk/5ewk_protein.pdb,326,6.395844,5.7743835,5.854716,4.739146,5.439832,5.580358,5.7887473,5.721839,5.331499,5.698157,5.6324525
2pre,6.65,data/pdbbind/general-set/2pre/2pre_ligand.sdf,data/pdbbind/general-set/2pre/2pre_ligand.mol2,data/pdbbind/general-set/2pre/2pre_protein.pdb,327,7.119321,6.144077,6.7242146,7.4754453,6.706596,6.6646943,6.484818,7.2463026,5.9355564,7.274476,6.7775497
3c52,7.3,data/pdbbind/refined-set/3c52/3c52_ligand.sdf,data/pdbbind/refined-set/3c52/3c52_ligand.mol2,data/pdbbind/refined-set/3c52/3c52_protein.pdb,328,6.672099,6.2502217,6.7843766,6.8339114,6.6669536,6.4819536,7.5058484,5.7734394,5.214611,6.784029,6.4967446
4d2s,7.7,data/pdbbind/general-set/4d2s/4d2s_ligand.sdf,data/pdbbind/general-set/4d2s/4d2s_ligand.mol2,data/pdbbind/general-set/4d2s/4d2s_protein.pdb,329,7.7682314,7.20995,7.3017554,7.789112,6.897967,7.1619334,7.9302745,7.609441,7.7372456,7.540235,7.494615
1tlo,4.0,data/pdbbind/general-set/1tlo/1tlo_ligand.sdf,data/pdbbind/general-set/1tlo/1tlo_ligand.mol2,data/pdbbind/general-set/1tlo/1tlo_protein.pdb,330,6.603146,6.75067,6.7253933,6.790465,6.6332836,7.1071367,6.051017,6.9466534,6.1098456,7.29581,6.701342
1c8k,6.0,data/pdbbind/general-set/1c8k/1c8k_ligand.sdf,data/pdbbind/general-set/1c8k/1c8k_ligand.mol2,data/pdbbind/general-set/1c8k/1c8k_protein.pdb,331,6.4986353,5.8502097,6.187489,5.7052307,5.84837,6.9148283,6.1775756,6.7056503,5.7701716,6.134943,6.17931
2aox,7.42,data/pdbbind/general-set/2aox/2aox_ligand.sdf,data/pdbbind/general-set/2aox/2aox_ligand.mol2,data/pdbbind/general-set/2aox/2aox_protein.pdb,332,6.663685,5.1186547,7.0759835,6.356783,5.444434,5.907511,5.494321,5.81761,6.309944,6.3209953,6.050992
3jyr,5.54,data/pdbbind/refined-set/3jyr/3jyr_ligand.sdf,data/pdbbind/refined-set/3jyr/3jyr_ligand.mol2,data/pdbbind/refined-set/3jyr/3jyr_protein.pdb,333,7.105721,7.847369,7.1421137,6.5845127,7.0806155,7.5190897,7.1383185,7.223738,7.1527033,6.920697,7.1714883
6mku,7.15,data/pdbbind/refined-set/6mku/6mku_ligand.sdf,data/pdbbind/refined-set/6mku/6mku_ligand.mol2,data/pdbbind/refined-set/6mku/6mku_protein.pdb,334,6.000162,5.308074,6.027917,5.9260473,7.124351,5.9504952,5.3253965,6.0047507,5.741993,6.038129,5.9447317
1jrs,6.4,data/pdbbind/general-set/1jrs/1jrs_ligand.sdf,data/pdbbind/general-set/1jrs/1jrs_ligand.mol2,data/pdbbind/general-set/1jrs/1jrs_protein.pdb,335,6.8233976,6.842309,7.120764,7.1850886,7.1160674,6.449394,6.585641,7.230615,6.4250937,7.5819464,6.9360313
5mqt,5.7,data/pdbbind/general-set/5mqt/5mqt_ligand.sdf,data/pdbbind/general-set/5mqt/5mqt_ligand.mol2,data/pdbbind/general-set/5mqt/5mqt_protein.pdb,336,6.0550494,5.654425,6.0753226,6.046845,5.751405,5.354761,6.642408,6.085684,6.351342,5.700259,5.9717493
1f8c,7.4,data/pdbbind/refined-set/1f8c/1f8c_ligand.sdf,data/pdbbind/refined-set/1f8c/1f8c_ligand.mol2,data/pdbbind/refined-set/1f8c/1f8c_protein.pdb,337,6.3620844,7.0640874,6.6599603,7.3195753,6.7300763,6.7066007,6.035354,6.535466,6.5499377,6.8181305,6.6781273
1k1y,3.22,data/pdbbind/refined-set/1k1y/1k1y_ligand.sdf,data/pdbbind/refined-set/1k1y/1k1y_ligand.mol2,data/pdbbind/refined-set/1k1y/1k1y_protein.pdb,338,5.944994,5.546187,6.767502,6.5653863,6.4802017,6.0448365,6.9203286,6.310787,6.337593,6.215367,6.3133183
5gwa,5.77,data/pdbbind/general-set/5gwa/5gwa_ligand.sdf,data/pdbbind/general-set/5gwa/5gwa_ligand.mol2,data/pdbbind/general-set/5gwa/5gwa_protein.pdb,339,7.144246,6.5422416,6.913039,6.9089823,6.361057,7.0559783,7.2124653,6.8744392,6.726086,6.930964,6.8669496
4g0c,7.92,data/pdbbind/general-set/4g0c/4g0c_ligand.sdf,data/pdbbind/general-set/4g0c/4g0c_ligand.mol2,data/pdbbind/general-set/4g0c/4g0c_protein.pdb,340,7.939657,7.923745,8.064719,7.9336643,8.131096,7.933489,7.840888,8.142945,7.7187552,8.221308,7.9850264
5jn8,7.3,data/pdbbind/general-set/5jn8/5jn8_ligand.sdf,data/pdbbind/general-set/5jn8/5jn8_ligand.mol2,data/pdbbind/general-set/5jn8/5jn8_protein.pdb,341,7.6578255,7.4403853,7.675752,7.727705,7.698421,7.640543,7.396834,7.7633257,7.099217,7.610584,7.5710588
4psh,8.89,data/pdbbind/general-set/4psh/4psh_ligand.sdf,data/pdbbind/general-set/4psh/4psh_ligand.mol2,data/pdbbind/general-set/4psh/4psh_protein.pdb,342,6.0440435,5.1077952,5.2939544,5.6820855,6.3950076,5.607928,5.217642,5.918948,4.7500267,5.7811384,5.5798573
4r5x,5.26,data/pdbbind/general-set/4r5x/4r5x_ligand.sdf,data/pdbbind/general-set/4r5x/4r5x_ligand.mol2,data/pdbbind/general-set/4r5x/4r5x_protein.pdb,343,7.18181,8.826762,8.240921,8.2588825,8.216465,7.7197356,8.392041,7.9012246,8.735877,8.107834,8.158155
3dst,9.08,data/pdbbind/general-set/3dst/3dst_ligand.sdf,data/pdbbind/general-set/3dst/3dst_ligand.mol2,data/pdbbind/general-set/3dst/3dst_protein.pdb,344,6.87026,7.01196,6.3703737,6.6947074,6.7268367,7.579614,6.7568717,6.2025886,6.7856526,7.272754,6.8271613
3nxq,8.15,data/pdbbind/refined-set/3nxq/3nxq_ligand.sdf,data/pdbbind/refined-set/3nxq/3nxq_ligand.mol2,data/pdbbind/refined-set/3nxq/3nxq_protein.pdb,345,6.8163137,6.2937703,7.713361,7.713503,7.49512,7.2505655,7.747916,7.1951356,7.083534,6.7011113,7.201033
3w2o,5.08,data/pdbbind/general-set/3w2o/3w2o_ligand.sdf,data/pdbbind/general-set/3w2o/3w2o_ligand.mol2,data/pdbbind/general-set/3w2o/3w2o_protein.pdb,346,6.313284,6.6381145,5.647322,6.1274934,5.903086,5.4622574,5.997123,5.3925586,6.1741414,6.389916,6.0045295
4qmx,4.96,data/pdbbind/general-set/4qmx/4qmx_ligand.sdf,data/pdbbind/general-set/4qmx/4qmx_ligand.mol2,data/pdbbind/general-set/4qmx/4qmx_protein.pdb,347,6.7551737,6.4370503,6.488104,6.3226585,6.756437,6.2094736,6.2677984,7.132144,6.2370605,7.1128078,6.5718703
4d2r,5.48,data/pdbbind/general-set/4d2r/4d2r_ligand.sdf,data/pdbbind/general-set/4d2r/4d2r_ligand.mol2,data/pdbbind/general-set/4d2r/4d2r_protein.pdb,348,7.1617756,7.0493793,7.1474876,7.8060937,6.9013653,6.6657896,7.7186866,7.1526837,6.4306664,7.4595275,7.1493454
6czf,5.8,data/pdbbind/refined-set/6czf/6czf_ligand.sdf,data/pdbbind/refined-set/6czf/6czf_ligand.mol2,data/pdbbind/refined-set/6czf/6czf_protein.pdb,349,6.2854505,6.127167,5.1947017,6.0553937,6.100164,6.708329,5.827958,5.5759225,5.8049803,5.4310074,5.9111075
3poz,7.64,data/pdbbind/general-set/3poz/3poz_ligand.sdf,data/pdbbind/general-set/3poz/3poz_ligand.mol2,data/pdbbind/general-set/3poz/3poz_protein.pdb,350,6.487894,6.9524193,6.79619,6.9985228,6.8150306,6.703355,6.4672174,6.8355885,7.1746764,7.110225,6.834111
2isv,7.43,data/pdbbind/general-set/2isv/2isv_ligand.sdf,data/pdbbind/general-set/2isv/2isv_ligand.mol2,data/pdbbind/general-set/2isv/2isv_protein.pdb,351,5.9715896,6.060141,6.121894,5.8071904,6.010561,6.640046,6.7931185,4.979879,4.4211044,6.6337957,5.943932
5om7,5.74,data/pdbbind/refined-set/5om7/5om7_ligand.sdf,data/pdbbind/refined-set/5om7/5om7_ligand.mol2,data/pdbbind/refined-set/5om7/5om7_protein.pdb,352,7.104066,6.1698995,6.9371405,5.9876523,6.4640913,6.71587,5.974577,6.5522256,7.80087,6.756283,6.646268
6mlg,5.05,data/pdbbind/refined-set/6mlg/6mlg_ligand.sdf,data/pdbbind/refined-set/6mlg/6mlg_ligand.mol2,data/pdbbind/refined-set/6mlg/6mlg_protein.pdb,353,5.6345663,4.54595,5.965944,5.577237,6.7186046,5.947507,5.58686,5.4843254,4.698163,5.6694565,5.5828614
2dri,6.89,data/pdbbind/refined-set/2dri/2dri_ligand.sdf,data/pdbbind/refined-set/2dri/2dri_ligand.mol2,data/pdbbind/refined-set/2dri/2dri_protein.pdb,354,6.338928,6.2467885,5.940492,6.0253,6.33877,5.6040397,5.3897777,6.8757257,6.641676,6.6295986,6.2031097
4ygf,7.68,data/pdbbind/refined-set/4ygf/4ygf_ligand.sdf,data/pdbbind/refined-set/4ygf/4ygf_ligand.mol2,data/pdbbind/refined-set/4ygf/4ygf_protein.pdb,355,7.6957116,7.121489,7.5173993,7.446567,7.5900507,7.4446464,7.3937416,7.769046,7.0216055,7.5537243,7.4553986
3bxh,4.03,data/pdbbind/refined-set/3bxh/3bxh_ligand.sdf,data/pdbbind/refined-set/3bxh/3bxh_ligand.mol2,data/pdbbind/refined-set/3bxh/3bxh_protein.pdb,356,4.479171,3.8212698,4.5330863,4.8211875,5.0315943,4.0177717,4.5221004,3.6147544,4.9535775,5.114415,4.4908934
1ypg,8.0,data/pdbbind/refined-set/1ypg/1ypg_ligand.sdf,data/pdbbind/refined-set/1ypg/1ypg_ligand.mol2,data/pdbbind/refined-set/1ypg/1ypg_protein.pdb,357,7.185352,6.090626,6.170649,6.668934,7.04612,7.14892,7.667739,6.1207366,7.165536,6.9611554,6.822577
6jwa,4.96,data/pdbbind/general-set/6jwa/6jwa_ligand.sdf,data/pdbbind/general-set/6jwa/6jwa_ligand.mol2,data/pdbbind/general-set/6jwa/6jwa_protein.pdb,358,6.090645,6.574511,6.3788652,6.3196473,6.6542535,6.0887084,6.6756706,6.4517703,6.116177,6.5458555,6.3896103
1dwc,7.41,data/pdbbind/general-set/1dwc/1dwc_ligand.sdf,data/pdbbind/general-set/1dwc/1dwc_ligand.mol2,data/pdbbind/general-set/1dwc/1dwc_protein.pdb,359,6.528806,7.2154207,7.5668106,6.955727,6.75906,6.9996476,6.7158666,6.9829226,7.455667,7.3140745,7.0494003
2zof,8.15,data/pdbbind/general-set/2zof/2zof_ligand.sdf,data/pdbbind/general-set/2zof/2zof_ligand.mol2,data/pdbbind/general-set/2zof/2zof_protein.pdb,360,6.984357,6.0068164,6.751415,6.1951575,7.399452,7.2245555,5.7995515,6.405453,7.1564045,6.5449734,6.646814
4wm9,6.92,data/pdbbind/general-set/4wm9/4wm9_ligand.sdf,data/pdbbind/general-set/4wm9/4wm9_ligand.mol2,data/pdbbind/general-set/4wm9/4wm9_protein.pdb,361,7.141513,6.763955,7.1384854,6.0437717,7.250043,6.9018455,6.7120466,6.3333044,6.682783,6.320732,6.7288485
4eor,6.3,data/pdbbind/refined-set/4eor/4eor_ligand.sdf,data/pdbbind/refined-set/4eor/4eor_ligand.mol2,data/pdbbind/refined-set/4eor/4eor_protein.pdb,362,6.7401257,6.946414,7.0714974,7.021497,6.988685,7.2107787,7.057198,6.9258146,6.754872,7.0505095,6.976739
3d4z,4.89,data/pdbbind/refined-set/3d4z/3d4z_ligand.sdf,data/pdbbind/refined-set/3d4z/3d4z_ligand.mol2,data/pdbbind/refined-set/3d4z/3d4z_protein.pdb,363,6.0200324,5.9462066,5.423206,4.832984,5.365158,5.178331,5.046832,5.0596995,4.9666405,5.4709606,5.331005
3ebp,5.91,data/pdbbind/refined-set/3ebp/3ebp_ligand.sdf,data/pdbbind/refined-set/3ebp/3ebp_ligand.mol2,data/pdbbind/refined-set/3ebp/3ebp_protein.pdb,364,6.378976,5.830653,6.10832,5.8578606,6.0092425,6.794099,6.1062613,6.426335,6.015823,6.1432533,6.167083
