unique_id,pK,sdf_file,pdb_file,graph_id,preds_0,preds_1,preds_2,preds_3,preds_4,preds_5,preds_6,preds_7,preds_8,preds_9,preds
3ao4,2.07,data/example_database/3ao4.sdf,data/example_database/3ao4.pdb,0,2.8026102,3.0358152,3.5468805,3.06979,3.0411115,3.5760155,2.879657,3.396887,4.0265903,3.5541902,3.292955
3gv9,2.12,data/example_database/3gv9.sdf,data/example_database/3gv9.pdb,1,3.8186662,3.2156355,3.9441485,3.2239633,3.5797462,4.0703773,3.5997877,3.2036119,3.4478724,3.2721727,3.5375981
1uto,2.27,data/example_database/1uto.sdf,data/example_database/1uto.pdb,2,3.4205272,2.9241178,3.0260417,2.728464,3.5270436,2.9332316,2.6428802,2.2614667,2.8168514,3.2731192,2.9553742
1ps3,2.28,data/example_database/1ps3.sdf,data/example_database/1ps3.pdb,3,5.098412,5.7009635,4.9357405,5.3775907,4.911263,5.9252496,5.2459335,5.244873,5.346372,5.4778595,5.3264256
4ddk,2.29,data/example_database/4ddk.sdf,data/example_database/4ddk.pdb,4,3.8713207,4.436295,3.0571973,3.7007127,3.851077,3.2060843,4.1021924,3.0784385,3.7260995,3.7103186,3.6739738
4jsz,2.3,data/example_database/4jsz.sdf,data/example_database/4jsz.pdb,5,6.017108,5.224295,5.723617,5.0147133,4.1277843,5.404473,4.113031,4.538636,5.0998535,5.4975276,5.076104
3dxg,2.4,data/example_database/3dxg.sdf,data/example_database/3dxg.pdb,6,3.8972843,3.3700144,3.6922493,3.4435623,3.4532077,3.7559252,3.4867718,3.6451926,3.6819575,3.2923408,3.5718505
3l7b,2.4,data/example_database/3l7b.sdf,data/example_database/3l7b.pdb,7,2.8643486,2.903538,3.0603764,2.973399,2.6969912,2.5849907,2.4194648,2.920418,2.9290893,2.7259042,2.807852
3kgp,2.57,data/example_database/3kgp.sdf,data/example_database/3kgp.pdb,8,2.6471307,3.5500138,2.8231685,3.1872268,3.2091703,3.0060213,2.5944397,3.0022962,2.9641788,3.5346038,3.051825
3fcq,2.77,data/example_database/3fcq.sdf,data/example_database/3fcq.pdb,9,4.67714,5.1296,5.5238705,5.0565944,5.108383,5.2393827,4.8952894,3.8255591,5.4403934,5.0088863,4.99051
3lka,2.82,data/example_database/3lka.sdf,data/example_database/3lka.pdb,10,5.898033,5.913485,6.085752,5.227499,4.7091866,5.643697,6.4301095,5.235308,5.5046473,5.897927,5.654565
3zt2,2.84,data/example_database/3zt2.sdf,data/example_database/3zt2.pdb,11,4.720184,5.0643387,5.1046057,5.4498653,4.6806912,5.197641,4.6967406,5.29877,5.620751,4.3067145,5.01403
3udh,2.85,data/example_database/3udh.sdf,data/example_database/3udh.pdb,12,3.2217624,3.0764565,3.0040553,3.4553974,3.296327,3.0734828,3.326685,2.8128936,3.3564115,3.548351,3.2171822
3g31,2.89,data/example_database/3g31.sdf,data/example_database/3g31.pdb,13,2.87897,3.1359215,2.4547818,3.510964,3.5090508,3.9781024,4.4913745,3.6877952,4.1355124,4.1098647,3.5892334
4llx,2.89,data/example_database/4llx.sdf,data/example_database/4llx.pdb,14,3.3441324,3.0185106,2.874192,3.018036,3.1245174,3.1702516,2.9772978,3.1963797,3.0953457,3.3160121,3.1134677
4u4s,2.92,data/example_database/4u4s.sdf,data/example_database/4u4s.pdb,15,5.2307124,4.9307837,5.007887,4.7139893,4.382656,5.3905087,5.270948,4.7600513,4.7429338,5.1044016,4.9534874
4owm,2.96,data/example_database/4owm.sdf,data/example_database/4owm.pdb,16,4.6353116,3.8282812,3.3595712,4.2881227,3.9134374,4.0144916,4.024914,4.445117,4.2015624,3.87771,4.0588517
5aba,2.98,data/example_database/5aba.sdf,data/example_database/5aba.pdb,17,3.1274922,3.2445214,3.3818007,3.193167,3.3891163,2.6606805,2.9312932,3.1941128,3.199392,3.27839,3.1599967
2xdl,3.1,data/example_database/2xdl.sdf,data/example_database/2xdl.pdb,18,5.267925,5.5508327,5.006677,5.418768,4.7699747,5.457249,6.51689,4.9592557,5.9423556,5.2907243,5.4180655
4kz6,3.1,data/example_database/4kz6.sdf,data/example_database/4kz6.pdb,19,4.242876,4.7540812,4.571487,6.0536203,3.6932487,5.4126725,5.351636,6.3890557,4.6504073,3.5156097,4.8634696
3aru,3.22,data/example_database/3aru.sdf,data/example_database/3aru.pdb,20,4.0193744,4.1656995,4.8010345,3.9707375,4.345641,3.904835,4.562112,4.2641835,4.1124506,4.351939,4.2498007
1bcu,3.28,data/example_database/1bcu.sdf,data/example_database/1bcu.pdb,21,4.8886447,4.8719635,4.206888,4.02773,4.2584944,5.1150513,4.2640753,3.950277,4.254533,4.2081113,4.404577
3zsx,3.28,data/example_database/3zsx.sdf,data/example_database/3zsx.pdb,22,3.6723576,4.1087356,3.9961555,4.1635184,3.7249527,4.9200273,4.499458,4.561263,4.0517592,4.7665133,4.2464743
4ddh,3.3,data/example_database/4ddh.sdf,data/example_database/4ddh.pdb,23,4.5711303,4.483751,4.3331714,3.5861788,3.9534116,3.9779108,4.095837,4.422246,4.166086,4.9714394,4.256116
4eky,3.52,data/example_database/4eky.sdf,data/example_database/4eky.pdb,24,3.2607632,3.4763527,4.1092033,3.4433062,3.421292,3.1415715,4.134616,3.8397563,3.6979792,3.888446,3.6413283
4abg,3.57,data/example_database/4abg.sdf,data/example_database/4abg.pdb,25,3.980578,4.1765976,4.3157563,4.3425384,4.7178655,3.8312743,3.7790654,4.1349316,4.749819,3.817807,4.1846232
5a7b,3.57,data/example_database/5a7b.sdf,data/example_database/5a7b.pdb,26,5.105699,5.866423,5.6075892,5.2662086,5.8590956,5.592714,5.7226257,5.08204,5.7639065,5.179913,5.5046215
3dx1,3.58,data/example_database/3dx1.sdf,data/example_database/3dx1.pdb,27,5.045119,5.408702,5.057602,5.3460507,5.5671473,4.936645,5.7635503,4.5444307,5.81998,4.5793834,5.206861
4bkt,3.62,data/example_database/4bkt.sdf,data/example_database/4bkt.pdb,28,3.7075157,3.3045883,3.5659642,3.8775017,3.6338718,3.7244296,3.4089358,3.5378919,4.029387,3.6273773,3.641746
2v00,3.66,data/example_database/2v00.sdf,data/example_database/2v00.pdb,29,3.423653,3.4980881,3.6421719,3.631031,3.6931574,4.0343275,3.9586985,4.0392685,3.4242609,4.078919,3.7423573
4cig,3.67,data/example_database/4cig.sdf,data/example_database/4cig.pdb,30,6.0632753,5.9198194,5.608579,5.7943916,4.4773927,5.3179173,5.811612,6.5473056,5.706013,6.0973,5.7343607
3n7a,3.7,data/example_database/3n7a.sdf,data/example_database/3n7a.pdb,31,4.0508165,3.597007,4.2618923,3.6912997,4.1102448,4.125682,3.9114282,4.031448,3.8346093,4.434182,4.004861
3d6q,3.76,data/example_database/3d6q.sdf,data/example_database/3d6q.pdb,32,4.0280776,3.922184,4.1011577,3.968693,4.00496,3.933249,3.8394911,3.8457506,3.9110968,4.004698,3.9559357
2hb1,3.8,data/example_database/2hb1.sdf,data/example_database/2hb1.pdb,33,3.8116066,4.325189,4.0096784,4.1756463,4.009961,4.373821,3.9891176,4.412499,4.509551,4.5720363,4.2189107
3twp,3.92,data/example_database/3twp.sdf,data/example_database/3twp.pdb,34,4.814738,3.7156174,3.698163,4.143805,4.7953067,4.155152,4.2558546,4.5375266,4.6967573,4.2725587,4.308548
4agn,3.97,data/example_database/4agn.sdf,data/example_database/4agn.pdb,35,4.5809593,5.4383864,5.0116224,4.9554667,4.8811564,4.8457108,4.450527,4.1357503,5.186053,5.062132,4.854777
1c5z,4.01,data/example_database/1c5z.sdf,data/example_database/1c5z.pdb,36,4.0628753,3.6261566,3.8357124,4.3499017,4.111102,3.5112183,3.6699598,4.0453424,3.9506965,3.843986,3.900695
3nq9,4.03,data/example_database/3nq9.sdf,data/example_database/3nq9.pdb,37,4.7383723,5.5908856,6.123732,5.4231553,5.521802,5.419298,4.868291,5.475239,5.2102275,5.162392,5.353339
2w66,4.05,data/example_database/2w66.sdf,data/example_database/2w66.pdb,38,6.175569,5.2998605,5.0131645,4.8281302,4.8714623,5.750048,5.6571164,5.704976,5.427953,5.4938655,5.4222145
3kwa,4.08,data/example_database/3kwa.sdf,data/example_database/3kwa.pdb,39,5.402662,6.269754,7.164214,6.1186833,6.6462755,7.0957804,4.834256,5.7255893,5.051907,5.863904,6.0173025
3g2n,4.09,data/example_database/3g2n.sdf,data/example_database/3g2n.pdb,40,3.6831694,3.96047,3.8545754,4.204134,3.7613378,4.1393147,4.123278,4.0978737,3.7767925,4.169807,3.977075
4cr9,4.1,data/example_database/4cr9.sdf,data/example_database/4cr9.pdb,41,4.891278,4.0585318,3.9173052,3.8983269,3.7251673,4.600664,3.9680786,3.3812273,3.9767087,4.6974034,4.111469
3ozt,4.13,data/example_database/3ozt.sdf,data/example_database/3ozt.pdb,42,6.8729477,6.1247134,5.7832394,5.6134915,5.9776087,6.8829026,6.4709644,6.3972325,6.9916515,6.973588,6.408834
1a30,4.3,data/example_database/1a30.sdf,data/example_database/1a30.pdb,43,4.6757603,5.2188787,4.8399796,5.867341,5.8981733,4.327815,5.4288974,5.8750367,5.222736,4.974875,5.2329497
3ivg,4.3,data/example_database/3ivg.sdf,data/example_database/3ivg.pdb,44,5.702776,6.4027715,6.1797843,5.8875027,5.5669456,5.9409246,6.144061,6.052726,5.8269515,6.123817,5.982826
3u9q,4.38,data/example_database/3u9q.sdf,data/example_database/3u9q.pdb,45,5.036134,5.2275443,5.6179256,5.1418343,4.7478614,4.791848,5.1970515,5.4119816,5.090368,5.2079606,5.147051
3rsx,4.41,data/example_database/3rsx.sdf,data/example_database/3rsx.pdb,46,4.6992373,3.9566712,4.462598,4.543318,4.4791594,4.639199,4.655359,4.8547983,4.3847947,4.6745377,4.5349674
3pxf,4.43,data/example_database/3pxf.sdf,data/example_database/3pxf.pdb,47,5.918234,5.476013,5.9495616,5.519335,5.7585764,5.438488,5.371914,5.8320975,5.58373,5.0047107,5.5852656
2wbg,4.45,data/example_database/2wbg.sdf,data/example_database/2wbg.pdb,48,5.8926306,6.1654363,6.051225,5.981839,5.7561946,6.096842,5.721906,6.0200644,6.1954923,6.1543775,6.0036006
4w9c,4.65,data/example_database/4w9c.sdf,data/example_database/4w9c.pdb,49,4.7433705,5.0513477,4.765626,4.7278566,4.501219,4.8851266,4.8403735,5.0092525,4.744797,5.0251193,4.8294086
3mss,4.66,data/example_database/3mss.sdf,data/example_database/3mss.pdb,50,3.9720938,4.977134,4.313367,5.3270793,4.5148206,4.3927646,4.383627,4.849572,4.5762124,4.7419734,4.6048646
4agp,4.69,data/example_database/4agp.sdf,data/example_database/4agp.pdb,51,4.8385396,5.386353,5.022871,5.3476763,5.2538857,5.270908,4.839154,4.7672224,5.404762,4.87414,5.1005516
4mgd,4.69,data/example_database/4mgd.sdf,data/example_database/4mgd.pdb,52,6.854436,6.466182,7.371506,7.3829484,6.7903786,7.0061636,6.9793053,6.10462,7.012059,7.599148,6.956674
1vso,4.72,data/example_database/1vso.sdf,data/example_database/1vso.pdb,53,5.515431,6.2466774,5.83823,5.7523346,5.691699,6.0046406,5.4523225,6.0320387,6.2250338,6.407422,5.916583
4jxs,4.74,data/example_database/4jxs.sdf,data/example_database/4jxs.pdb,54,5.3000236,5.3683743,5.901529,4.8806877,5.630244,5.995187,5.1210356,5.550225,5.5042076,5.0816197,5.4333134
1q8t,4.76,data/example_database/1q8t.sdf,data/example_database/1q8t.pdb,55,5.403968,6.418019,5.7271705,5.5701857,5.986707,6.219788,5.1468873,5.753243,5.5260057,5.89535,5.764733
3acw,4.76,data/example_database/3acw.sdf,data/example_database/3acw.pdb,56,6.3084226,6.162111,6.263087,5.843378,6.0557766,6.113732,6.4856167,6.1475124,5.907366,6.069467,6.135647
3r88,4.82,data/example_database/3r88.sdf,data/example_database/3r88.pdb,57,4.2974653,3.6550221,4.100889,4.7621446,4.1226344,4.5751834,4.068272,3.7998765,5.0464563,4.503846,4.293179
4ciw,4.82,data/example_database/4ciw.sdf,data/example_database/4ciw.pdb,58,4.833861,4.6379914,4.4434886,4.744246,4.8391566,5.5356364,5.7992268,4.39692,5.0444245,5.1377673,4.941272
2w4x,4.85,data/example_database/2w4x.sdf,data/example_database/2w4x.pdb,59,5.1093974,4.786726,5.662068,5.7986565,5.6554313,6.226165,4.7426257,5.1129537,4.9209957,6.027083,5.4042106
2brb,4.86,data/example_database/2brb.sdf,data/example_database/2brb.pdb,60,5.645802,5.3390617,5.771196,5.489642,5.3283954,5.36041,4.952739,5.084707,5.353816,5.3082848,5.363405
1p1q,4.89,data/example_database/1p1q.sdf,data/example_database/1p1q.pdb,61,6.90113,6.725554,6.6408668,6.5462475,6.312988,6.651599,6.523987,6.5365176,6.6015844,7.2682323,6.670871
3d4z,4.89,data/example_database/3d4z.sdf,data/example_database/3d4z.pdb,62,5.7025294,5.341992,5.589461,5.739055,5.5952063,5.748778,5.8365397,5.570239,5.9218426,5.360882,5.6406527
1bzc,4.92,data/example_database/1bzc.sdf,data/example_database/1bzc.pdb,63,4.783227,5.252249,5.9263906,6.0796866,4.906635,6.134254,5.9157786,5.5355797,5.707482,5.9044228,5.6145706
4agq,5.01,data/example_database/4agq.sdf,data/example_database/4agq.pdb,64,4.882631,5.1791706,4.9497037,4.8213353,4.5435734,4.9115005,4.5926166,4.8960795,5.117789,5.0090632,4.8903465
4w9l,5.02,data/example_database/4w9l.sdf,data/example_database/4w9l.pdb,65,5.63831,6.0543227,6.235886,5.806288,5.9425354,6.1191287,5.992695,6.521258,6.0183725,6.2591486,6.0587945
2yge,5.06,data/example_database/2yge.sdf,data/example_database/2yge.pdb,66,5.758873,5.8149743,5.643195,6.0951524,5.6266956,6.4381723,5.6748915,6.496236,5.879683,6.3304505,5.9758325
2r9w,5.1,data/example_database/2r9w.sdf,data/example_database/2r9w.pdb,67,5.6719246,5.3716755,5.9629126,5.5193725,5.2562733,5.0860925,5.8127484,5.515612,5.1689205,5.263999,5.462953
3gy4,5.1,data/example_database/3gy4.sdf,data/example_database/3gy4.pdb,68,4.1544824,4.465115,4.34281,4.44934,3.9313164,4.1580286,4.315488,3.7763505,3.7257376,4.000329,4.1319
3syr,5.1,data/example_database/3syr.sdf,data/example_database/3syr.pdb,69,5.438839,5.2713294,5.147583,5.388436,5.333082,5.2692122,5.5087886,5.2450843,5.8333554,5.2523685,5.368808
3zso,5.12,data/example_database/3zso.sdf,data/example_database/3zso.pdb,70,5.30322,6.3087363,5.549937,5.833309,4.984573,5.673106,5.741633,6.1688943,5.057737,5.833022,5.645417
2br1,5.14,data/example_database/2br1.sdf,data/example_database/2br1.pdb,71,5.986236,5.2849193,5.737953,5.810324,5.6272755,5.4375753,5.5513024,5.493955,5.605767,5.750903,5.628621
1s38,5.15,data/example_database/1s38.sdf,data/example_database/1s38.pdb,72,6.056929,5.031489,7.1186104,5.2319713,5.9897013,6.126639,5.893077,5.871701,5.7914243,5.873363,5.8984904
3b27,5.16,data/example_database/3b27.sdf,data/example_database/3b27.pdb,73,5.196823,5.087311,5.5894623,4.8777695,5.0112443,5.133681,4.493003,5.1613503,4.822681,5.432015,5.080534
4gkm,5.17,data/example_database/4gkm.sdf,data/example_database/4gkm.pdb,74,4.8559575,6.161417,5.7241435,4.791131,5.098604,4.896899,5.5905194,5.398526,5.496158,4.9158363,5.292919
4m0z,5.19,data/example_database/4m0z.sdf,data/example_database/4m0z.pdb,75,6.481335,6.078613,6.933814,6.213841,5.9045644,6.016038,6.189677,6.3340673,6.8997,6.3862104,6.3437862
1w4o,5.22,data/example_database/1w4o.sdf,data/example_database/1w4o.pdb,76,5.202615,5.1889453,5.2967143,5.3740916,5.2348533,5.339972,4.5185018,4.805091,4.7639294,5.135339,5.086005
3ueu,5.24,data/example_database/3ueu.sdf,data/example_database/3ueu.pdb,77,5.307638,6.2257495,6.4227004,5.810685,5.790466,5.740703,5.3885064,5.4102845,5.8824873,5.958018,5.7937245
4ih7,5.24,data/example_database/4ih7.sdf,data/example_database/4ih7.pdb,78,5.638806,6.2426143,6.1847634,6.0155396,5.181505,5.3966675,5.138805,5.295911,6.0213103,6.758554,5.7874475
4jfs,5.27,data/example_database/4jfs.sdf,data/example_database/4jfs.pdb,79,5.8055,5.948333,6.208121,5.912187,5.530988,6.205203,5.900923,6.442155,6.3484364,5.7966976,6.0098543
3ozs,5.33,data/example_database/3ozs.sdf,data/example_database/3ozs.pdb,80,6.8657637,6.194828,6.3342338,6.6996365,5.747275,6.3608327,6.932908,7.4733815,6.904089,6.653854,6.61668
3bv9,5.36,data/example_database/3bv9.sdf,data/example_database/3bv9.pdb,81,4.9295154,5.862314,5.2165713,4.982798,5.21048,5.06343,4.9165397,4.89711,5.4283023,5.178303,5.168536
1gpk,5.37,data/example_database/1gpk.sdf,data/example_database/1gpk.pdb,82,6.2126784,5.6651416,6.071063,5.7521887,5.98577,5.824335,6.2800293,6.9291797,5.9267054,6.123137,6.077023
1syi,5.44,data/example_database/1syi.sdf,data/example_database/1syi.pdb,83,5.6818233,6.026358,6.1688933,6.4323096,6.2037067,6.063341,5.855185,5.6060843,6.0544586,6.564823,6.065698
2cbv,5.48,data/example_database/2cbv.sdf,data/example_database/2cbv.pdb,84,4.927341,4.0945663,4.81266,5.6520824,5.2933617,4.5493603,2.9456794,4.6580863,4.286161,4.08382,4.5303116
1ydr,5.52,data/example_database/1ydr.sdf,data/example_database/1ydr.pdb,85,5.8975487,6.052319,6.0243144,5.6569524,5.7010427,6.2081685,6.001483,6.287563,5.986685,5.8975782,5.971366
3coz,5.57,data/example_database/3coz.sdf,data/example_database/3coz.pdb,86,6.3720512,6.8341527,6.554759,7.3908854,6.946689,6.644027,6.405631,6.744468,7.1318116,6.8203745,6.784486
2wca,5.6,data/example_database/2wca.sdf,data/example_database/2wca.pdb,87,6.9958973,6.4847965,6.8174615,7.158275,7.1153803,6.617204,6.316266,6.4859347,6.4754915,6.273911,6.674062
3u5j,5.61,data/example_database/3u5j.sdf,data/example_database/3u5j.pdb,88,5.686136,5.5756836,5.5820894,5.764838,5.916643,6.0896935,5.1955547,5.6303926,5.696533,5.648715,5.678628
4dli,5.62,data/example_database/4dli.sdf,data/example_database/4dli.pdb,89,6.6838226,6.947019,6.5157714,6.7867837,7.413402,7.1141987,7.0368905,6.6927204,7.325754,6.6174445,6.913381
1z9g,5.64,data/example_database/1z9g.sdf,data/example_database/1z9g.pdb,90,5.8192177,5.680861,5.9059973,5.7220836,5.175028,6.237269,5.8431015,6.004943,5.687559,5.6920815,5.776814
3arv,5.64,data/example_database/3arv.sdf,data/example_database/3arv.pdb,91,5.3980694,5.878012,5.6263514,5.941659,5.6374707,6.1582026,5.792875,5.601671,5.459238,5.6112,5.7104745
3n86,5.64,data/example_database/3n86.sdf,data/example_database/3n86.pdb,92,5.914866,5.4064875,5.9480386,5.6676645,5.3271074,5.9624424,5.6854424,5.9580956,5.569681,5.641886,5.7081714
5c28,5.66,data/example_database/5c28.sdf,data/example_database/5c28.pdb,93,5.5429845,5.0001636,5.568215,5.643246,5.4363947,5.620881,5.165402,5.129568,5.2405777,5.7904115,5.413784
1o5b,5.77,data/example_database/1o5b.sdf,data/example_database/1o5b.pdb,94,6.4668903,5.931695,6.8040104,5.845063,6.164436,6.303858,6.173743,6.3581476,6.3991985,6.460573,6.2907615
2y5h,5.79,data/example_database/2y5h.sdf,data/example_database/2y5h.pdb,95,6.504687,5.9010653,6.0266566,6.1611443,5.8009167,6.0059757,6.067479,6.464947,6.0700903,6.0379257,6.104089
3qqs,5.82,data/example_database/3qqs.sdf,data/example_database/3qqs.pdb,96,4.9567714,5.1798415,5.299977,4.8869114,4.755036,5.1508493,5.149476,5.328889,5.1430063,4.866575,5.0717325
3wz8,5.82,data/example_database/3wz8.sdf,data/example_database/3wz8.pdb,97,6.6191263,6.6776304,6.8019824,6.871997,6.397078,6.555705,6.2854652,6.3806543,6.2728868,6.380553,6.524308
4dld,5.82,data/example_database/4dld.sdf,data/example_database/4dld.pdb,98,5.8545365,6.1956053,5.7554936,5.7424216,5.280347,6.053071,5.9894857,6.1694584,6.0564933,5.5942373,5.869115
3ehy,5.85,data/example_database/3ehy.sdf,data/example_database/3ehy.pdb,99,6.0696807,6.3979216,7.1412063,6.047193,6.049816,5.713585,5.326451,5.729309,6.1131587,6.3431473,6.093147
3uev,5.89,data/example_database/3uev.sdf,data/example_database/3uev.pdb,100,5.437847,5.9301915,6.4097857,5.818166,6.213646,5.5061307,5.045795,5.864903,6.126623,6.278761,5.863185
3ebp,5.91,data/example_database/3ebp.sdf,data/example_database/3ebp.pdb,101,5.586008,5.415379,5.6142573,5.42636,5.4351864,5.555761,5.7363973,5.5794926,6.0994844,5.9171815,5.6365504
1o0h,5.92,data/example_database/1o0h.sdf,data/example_database/1o0h.pdb,102,5.4647765,5.0193453,5.5327706,5.2575903,5.313464,5.583062,4.369016,6.0686975,5.6266813,4.7487564,5.298416
1q8u,5.96,data/example_database/1q8u.sdf,data/example_database/1q8u.pdb,103,7.4320345,7.3931065,7.2793407,7.1898685,7.23188,7.5201836,6.9618816,7.4384823,7.102565,7.140704,7.269004
4w9i,5.96,data/example_database/4w9i.sdf,data/example_database/4w9i.pdb,104,6.0234547,6.469958,5.8976946,5.852276,5.9031625,5.8427405,5.704324,5.8596463,6.19925,6.1427803,5.989528
3ary,6.0,data/example_database/3ary.sdf,data/example_database/3ary.pdb,105,5.965798,6.554686,5.8195076,6.4395094,5.774472,5.7717204,6.156773,5.6664352,5.7390423,5.864275,5.975222
3coy,6.02,data/example_database/3coy.sdf,data/example_database/3coy.pdb,106,6.694129,6.9287157,6.7502112,7.35662,6.8228564,7.0096774,6.5259323,6.750603,7.067233,6.7303796,6.863636
3f3c,6.02,data/example_database/3f3c.sdf,data/example_database/3f3c.pdb,107,6.072376,6.847013,5.9588265,6.0326614,4.908937,5.636335,5.8204675,5.831593,6.8191843,5.824789,5.9752183
2fxs,6.06,data/example_database/2fxs.sdf,data/example_database/2fxs.pdb,108,5.9884734,5.8602324,6.839384,6.420916,6.3439612,5.8621225,6.138879,6.4530387,6.2610855,5.948645,6.2116737
4kzq,6.1,data/example_database/4kzq.sdf,data/example_database/4kzq.pdb,109,6.8845224,6.5955176,6.5129023,6.682855,6.883367,6.741583,6.6018715,6.6814437,6.6722174,6.723008,6.6979294
2qnq,6.11,data/example_database/2qnq.sdf,data/example_database/2qnq.pdb,110,5.800501,6.2155085,5.3826146,6.03389,5.861155,5.842233,6.0512943,6.092615,5.7675176,5.8596497,5.8906975
1nc1,6.12,data/example_database/1nc1.sdf,data/example_database/1nc1.pdb,111,5.6099577,5.707723,6.932965,5.336194,6.5224247,7.027239,7.0697546,5.1020093,4.9588523,5.23691,5.9504027
2wvt,6.12,data/example_database/2wvt.sdf,data/example_database/2wvt.pdb,112,5.912106,5.5275645,5.3698,5.921157,5.484151,6.044964,5.794919,5.7456536,6.2213173,4.984652,5.7006288
4wiv,6.26,data/example_database/4wiv.sdf,data/example_database/4wiv.pdb,113,6.4933295,6.1820345,6.474655,5.760001,6.342155,6.21698,6.456722,6.245338,6.3594832,6.0856314,6.261633
3k5v,6.3,data/example_database/3k5v.sdf,data/example_database/3k5v.pdb,114,6.2520504,6.8251286,6.3205566,5.9949822,5.511434,6.743504,6.3083954,5.8961906,5.992865,6.0732236,6.191833
3uew,6.31,data/example_database/3uew.sdf,data/example_database/3uew.pdb,115,5.590312,6.106378,6.3493867,6.171636,5.8708177,5.735275,5.3169928,5.572249,5.8268313,6.4224734,5.8962355
2zb1,6.32,data/example_database/2zb1.sdf,data/example_database/2zb1.pdb,116,5.953524,6.551682,6.568389,6.594819,5.821864,6.1611347,6.692801,6.198424,6.476115,6.588873,6.3607626
2qbr,6.33,data/example_database/2qbr.sdf,data/example_database/2qbr.pdb,117,5.804984,6.235178,6.39032,6.0687227,5.8545074,6.0043974,6.279364,5.9723077,6.3793445,6.5265145,6.1515646
3arq,6.4,data/example_database/3arq.sdf,data/example_database/3arq.pdb,118,6.512444,5.9509625,6.7905316,5.7744455,6.2910523,6.61094,6.0027666,6.7096634,5.9031725,6.5270743,6.3073053
2j78,6.42,data/example_database/2j78.sdf,data/example_database/2j78.pdb,119,4.9750357,4.8352633,4.5192814,4.8447313,5.4690194,4.9656568,5.311791,4.2835293,4.2853665,5.4456015,4.8935275
4ea2,6.44,data/example_database/4ea2.sdf,data/example_database/4ea2.pdb,120,6.3190794,6.6320934,6.2073917,6.16328,6.401014,6.242104,6.783681,6.4266167,6.7959757,5.959019,6.3930254
1r5y,6.46,data/example_database/1r5y.sdf,data/example_database/1r5y.pdb,121,6.249483,5.164324,5.566165,5.228736,6.430985,6.6717787,5.627397,5.483244,6.3273916,5.9968123,5.8746314
4m0y,6.46,data/example_database/4m0y.sdf,data/example_database/4m0y.pdb,122,6.842406,6.078705,6.6264267,5.365787,5.922762,6.352981,5.655291,6.1050596,6.252691,6.0180316,6.122014
1gpn,6.48,data/example_database/1gpn.sdf,data/example_database/1gpn.pdb,123,6.888693,6.6805325,6.2539716,6.112997,6.5965395,6.2866488,6.520587,6.489983,6.608723,6.414309,6.485298
2weg,6.5,data/example_database/2weg.sdf,data/example_database/2weg.pdb,124,6.3353314,6.808187,6.704313,7.0779233,6.6954126,6.6034784,5.7505856,5.9492364,6.9914556,6.5849557,6.550088
4kzu,6.5,data/example_database/4kzu.sdf,data/example_database/4kzu.pdb,125,6.823863,6.6380076,6.5280833,6.819895,6.365729,6.9647856,6.8990116,6.778525,6.5614233,7.1193585,6.749869
4mme,6.5,data/example_database/4mme.sdf,data/example_database/4mme.pdb,126,6.275096,6.4996986,5.59098,6.3990717,6.0068316,6.2243834,6.240937,6.78358,5.840745,5.988971,6.1850295
3cj4,6.51,data/example_database/3cj4.sdf,data/example_database/3cj4.pdb,127,5.4473658,5.797992,5.9761353,5.5299797,5.559498,5.5931735,5.631946,6.0197134,6.0588417,6.1972713,5.781192
3uo4,6.52,data/example_database/3uo4.sdf,data/example_database/3uo4.pdb,128,6.4212036,6.924623,6.6632757,6.6579857,6.527955,6.899461,7.105914,6.977965,6.654034,6.344427,6.7176843
3wtj,6.53,data/example_database/3wtj.sdf,data/example_database/3wtj.pdb,129,7.1841416,6.662414,7.394114,7.597051,7.3929863,6.854729,6.997663,6.9816723,6.9663568,7.7645264,7.1795645
3jvs,6.54,data/example_database/3jvs.sdf,data/example_database/3jvs.pdb,130,6.438095,6.3696847,6.508981,6.9862847,6.40619,6.64013,6.8703895,6.6227326,6.63677,6.724268,6.6203523
1k1i,6.58,data/example_database/1k1i.sdf,data/example_database/1k1i.pdb,131,5.8835325,5.949123,5.722671,6.395432,5.4115252,5.8021874,5.766407,5.757252,5.981905,6.182439,5.885247
2yfe,6.63,data/example_database/2yfe.sdf,data/example_database/2yfe.pdb,132,6.073619,6.3291736,6.7984467,6.5956097,6.434935,6.616897,6.291515,6.5391927,6.6157107,6.680018,6.497512
4k77,6.63,data/example_database/4k77.sdf,data/example_database/4k77.pdb,133,6.6468945,6.5404587,7.075565,6.718735,6.9027214,6.602246,6.7318077,6.421811,6.5372014,6.834782,6.7012224
2xj7,6.66,data/example_database/2xj7.sdf,data/example_database/2xj7.pdb,134,5.7229414,5.860934,4.592062,5.2613487,5.061963,5.275549,4.4108686,4.993175,5.2634907,5.5675387,5.200987
2iwx,6.68,data/example_database/2iwx.sdf,data/example_database/2iwx.pdb,135,6.4521847,6.5549893,6.1205373,6.4892898,6.946066,6.55359,6.288234,6.4911814,6.3793745,6.1103663,6.438581
4djv,6.72,data/example_database/4djv.sdf,data/example_database/4djv.pdb,136,6.9647717,6.738294,6.8044934,6.7907596,6.851072,6.7530932,6.7380157,6.767512,7.01744,6.706121,6.8131576
4w9h,6.73,data/example_database/4w9h.sdf,data/example_database/4w9h.pdb,137,6.3099813,6.3575935,6.757939,5.8735957,6.293302,6.6161118,6.191837,6.814414,6.3538013,6.2618895,6.383047
4ogj,6.79,data/example_database/4ogj.sdf,data/example_database/4ogj.pdb,138,6.5953135,6.667818,6.5046663,6.9227557,6.4179254,6.548609,6.614667,6.758701,6.6988626,6.778119,6.650744
1p1n,6.8,data/example_database/1p1n.sdf,data/example_database/1p1n.pdb,139,6.2911386,6.4175797,6.297364,6.001973,7.40583,7.533452,6.3643417,6.3023915,7.1347337,6.407856,6.6156664
3dx2,6.82,data/example_database/3dx2.sdf,data/example_database/3dx2.pdb,140,7.3253236,6.1696396,6.634576,7.4365106,7.311962,6.775571,7.5073977,7.0605345,7.3172326,6.091055,6.9629807
2xnb,6.83,data/example_database/2xnb.sdf,data/example_database/2xnb.pdb,141,6.871935,6.656515,6.8860054,6.636918,6.5151157,6.843657,6.775637,6.5937443,6.9535465,6.8660655,6.7599144
3n76,6.85,data/example_database/3n76.sdf,data/example_database/3n76.pdb,142,6.0430303,5.8728757,6.248741,5.702194,6.490875,6.06776,6.1217046,6.090712,6.5474114,6.0644135,6.1249723
3pyy,6.86,data/example_database/3pyy.sdf,data/example_database/3pyy.pdb,143,6.033887,6.5245724,6.2528853,6.538162,6.6111875,6.622665,6.7070446,6.2738886,6.476046,6.6511087,6.4691453
2zcr,6.87,data/example_database/2zcr.sdf,data/example_database/2zcr.pdb,144,7.832315,7.337023,7.7968864,7.232948,7.7292404,7.0442553,7.4698076,7.595846,7.8744817,7.506861,7.5419664
3oe5,6.88,data/example_database/3oe5.sdf,data/example_database/3oe5.pdb,145,7.200916,6.804624,6.043931,6.178539,5.5390396,6.6179843,6.809281,6.1868496,6.5406785,6.6862946,6.460814
3jya,6.89,data/example_database/3jya.sdf,data/example_database/3jya.pdb,146,7.021403,6.8908014,6.5980787,6.519265,6.538353,6.633783,6.5541964,6.3532,6.2631254,6.3429947,6.5715194
3gbb,6.9,data/example_database/3gbb.sdf,data/example_database/3gbb.pdb,147,6.2960052,6.453789,6.881916,5.9325476,7.0164075,7.0028625,6.6487103,6.185544,6.3090196,6.1305227,6.485732
3uex,6.92,data/example_database/3uex.sdf,data/example_database/3uex.pdb,148,5.5938835,6.495706,6.5221033,6.0244737,6.2280407,6.4911084,5.771552,6.0991263,6.0336165,6.635977,6.1895585
4f9w,6.94,data/example_database/4f9w.sdf,data/example_database/4f9w.pdb,149,6.8966,7.0797706,6.9670773,6.708531,6.7607102,7.08539,6.857049,6.959711,6.9753237,6.960565,6.9250727
2wer,7.05,data/example_database/2wer.sdf,data/example_database/2wer.pdb,150,7.15177,6.3484397,6.8090053,6.84534,7.421981,7.8110876,7.20182,7.280622,7.082348,6.3397274,7.0292144
1lpg,7.09,data/example_database/1lpg.sdf,data/example_database/1lpg.pdb,151,7.045741,6.6046686,6.852895,6.7776065,6.337328,6.862298,6.8358917,6.8476295,7.148778,6.8237348,6.8136573
3zdg,7.1,data/example_database/3zdg.sdf,data/example_database/3zdg.pdb,152,6.477538,6.65677,6.8180346,6.696123,6.808924,6.644512,6.7427454,7.145554,6.3848257,6.4338956,6.680892
1z95,7.12,data/example_database/1z95.sdf,data/example_database/1z95.pdb,153,6.6761703,6.933237,7.2262096,6.945335,7.0213575,6.943325,6.9597645,6.9015827,7.1899405,7.4915237,7.0288444
1pxn,7.15,data/example_database/1pxn.sdf,data/example_database/1pxn.pdb,154,6.9988804,6.845241,7.0296593,6.7100687,6.8383875,6.7596455,6.9261055,7.7681355,6.428859,7.107139,6.9412127
3f3d,7.16,data/example_database/3f3d.sdf,data/example_database/3f3d.pdb,155,5.4704847,5.6930447,4.697039,5.8056865,4.7340665,5.4007716,5.2239738,5.599439,6.065146,5.8412533,5.4530907
3tsk,7.17,data/example_database/3tsk.sdf,data/example_database/3tsk.pdb,156,7.1358256,7.577808,7.5485487,7.4085503,7.4336247,7.738389,7.4322515,7.070767,7.7559276,7.751343,7.4853034
2j7h,7.19,data/example_database/2j7h.sdf,data/example_database/2j7h.pdb,157,6.509181,6.0131693,6.804638,6.638513,6.9149985,5.9977937,6.2809014,6.005914,7.2466407,6.7618127,6.517356
2xii,7.2,data/example_database/2xii.sdf,data/example_database/2xii.pdb,158,9.671972,8.727786,8.758995,9.284652,8.852825,9.127764,9.24752,9.067396,9.367448,8.701693,9.080805
4cra,7.22,data/example_database/4cra.sdf,data/example_database/4cra.pdb,159,6.9541645,6.8718796,7.120899,5.918088,6.6392903,7.515476,6.6554027,7.3582106,7.2932453,6.716835,6.9043493
4gfm,7.22,data/example_database/4gfm.sdf,data/example_database/4gfm.pdb,160,5.9554973,5.818665,5.041903,5.092838,5.287865,5.9213204,5.731215,5.2097273,5.2675786,5.988934,5.531554
1oyt,7.24,data/example_database/1oyt.sdf,data/example_database/1oyt.pdb,161,6.5774117,7.4880996,7.147321,7.1577654,6.9557943,6.9096055,6.7766,7.005124,7.4638023,6.9900746,7.04716
3p5o,7.26,data/example_database/3p5o.sdf,data/example_database/3p5o.pdb,162,7.1845884,6.986007,7.3379292,7.184323,7.0899434,7.01191,6.730948,7.282059,7.4524736,7.4624343,7.1722617
2vvn,7.3,data/example_database/2vvn.sdf,data/example_database/2vvn.pdb,163,7.574477,7.197219,7.366912,7.5016084,7.632684,7.9388328,7.4534903,7.7116914,7.5971174,8.103117,7.6077147
1qf1,7.32,data/example_database/1qf1.sdf,data/example_database/1qf1.pdb,164,6.4971356,6.6793447,7.025543,6.018721,6.629136,6.053238,6.4835467,6.5731096,6.1228538,7.1399474,6.5222573
1ydt,7.32,data/example_database/1ydt.sdf,data/example_database/1ydt.pdb,165,6.360943,6.7998767,6.4757624,6.0768323,6.1254497,6.2261343,6.4522786,6.293341,6.3950853,6.4257545,6.363146
3pww,7.32,data/example_database/3pww.sdf,data/example_database/3pww.pdb,166,7.7691903,8.223216,8.317026,8.260276,7.1277947,7.5324163,7.872679,7.232458,8.379004,7.025904,7.773997
1owh,7.4,data/example_database/1owh.sdf,data/example_database/1owh.pdb,167,6.301247,6.2133617,7.3465114,5.7730765,6.3224053,5.9818287,6.74883,6.4359274,6.6547284,6.398505,6.417642
2zy1,7.4,data/example_database/2zy1.sdf,data/example_database/2zy1.pdb,168,7.0901484,6.449859,6.5047393,6.649238,7.235035,6.949375,6.4320636,6.426266,6.6400156,6.8334703,6.721021
3up2,7.4,data/example_database/3up2.sdf,data/example_database/3up2.pdb,169,7.3100443,7.511071,7.464205,7.123806,7.469852,7.5132504,7.714552,7.457228,7.2956967,7.2040167,7.406373
4j21,7.41,data/example_database/4j21.sdf,data/example_database/4j21.pdb,170,7.5109253,7.291982,7.15028,7.175833,7.115972,7.137723,7.0086174,7.1583695,7.1476917,7.4691286,7.216653
2xys,7.42,data/example_database/2xys.sdf,data/example_database/2xys.pdb,171,6.708449,6.375827,6.308814,6.7080393,6.984216,7.1058264,5.216025,6.3570905,7.205704,6.692947,6.5662932
2qbq,7.44,data/example_database/2qbq.sdf,data/example_database/2qbq.pdb,172,6.6781974,7.105678,6.9224124,6.0802116,6.3389106,7.008175,6.9776306,6.7930713,7.0335464,6.64951,6.758734
3oe4,7.47,data/example_database/3oe4.sdf,data/example_database/3oe4.pdb,173,6.2891755,6.4587336,6.275286,6.2350993,5.1736336,6.517799,6.3955493,6.399891,6.402245,6.203306,6.2350717
2xb8,7.59,data/example_database/2xb8.sdf,data/example_database/2xb8.pdb,174,6.698274,6.6280437,6.201811,6.404624,6.22587,5.7865133,6.2916293,6.7941804,6.9401217,7.069021,6.5040092
2c3i,7.6,data/example_database/2c3i.sdf,data/example_database/2c3i.pdb,175,7.3100266,7.2181845,7.470832,7.2450786,6.956182,7.4212494,7.1301923,7.3899693,6.9107246,7.2471504,7.229959
3f3e,7.7,data/example_database/3f3e.sdf,data/example_database/3f3e.pdb,176,6.4949126,7.6763873,6.4017763,7.147224,6.858594,7.357871,7.4867325,6.353737,7.1186385,7.3424206,7.0238295
1u1b,7.8,data/example_database/1u1b.sdf,data/example_database/1u1b.pdb,177,7.103303,6.7422953,6.9412174,7.362909,7.086703,6.8647895,6.5166574,6.521001,7.1922326,7.0617695,6.9392877
3qgy,7.8,data/example_database/3qgy.sdf,data/example_database/3qgy.pdb,178,7.0615664,6.7349687,7.257447,7.120264,7.226445,6.937484,6.5221443,6.517611,6.71871,7.484116,6.9580755
3ryj,7.8,data/example_database/3ryj.sdf,data/example_database/3ryj.pdb,179,7.9456244,7.3651686,7.748179,8.048809,8.007236,7.909839,7.911633,7.9179225,7.971769,7.5732827,7.839946
4j3l,7.8,data/example_database/4j3l.sdf,data/example_database/4j3l.pdb,180,7.5938435,7.560932,7.614051,7.716229,7.735226,7.894882,7.937174,7.5023456,7.5954666,7.887742,7.7037888
3prs,7.82,data/example_database/3prs.sdf,data/example_database/3prs.pdb,181,8.996122,8.305672,9.3894205,8.414866,8.58473,8.718823,8.216334,8.235522,9.039762,8.392494,8.6293745
4pcs,7.85,data/example_database/4pcs.sdf,data/example_database/4pcs.pdb,182,7.0686946,7.658411,7.105063,6.229016,7.329438,7.534189,7.3959446,7.362808,6.5604095,6.784133,7.102811
4hge,7.92,data/example_database/4hge.sdf,data/example_database/4hge.pdb,183,7.9963923,8.025303,8.26486,7.9641857,7.8579535,8.185958,7.864074,8.375799,8.223897,8.030816,8.078924
1g2k,7.96,data/example_database/1g2k.sdf,data/example_database/1g2k.pdb,184,7.793255,7.4445853,7.185219,7.7431397,8.417791,8.164662,8.270446,8.103385,7.7194834,7.3571177,7.819909
2qe4,7.96,data/example_database/2qe4.sdf,data/example_database/2qe4.pdb,185,8.141484,7.7914658,8.133384,7.894183,8.16527,7.719242,7.851579,8.043294,7.7597756,8.493515,7.9993186
3e92,8.0,data/example_database/3e92.sdf,data/example_database/3e92.pdb,186,7.919889,7.9995856,8.100645,7.9783864,8.049412,7.9797206,8.052894,7.868422,7.996336,7.9312234,7.987651
3fur,8.0,data/example_database/3fur.sdf,data/example_database/3fur.pdb,187,8.013736,7.7824244,8.087631,7.7647896,7.8591466,7.8536487,7.696003,7.8171315,8.076688,7.4891415,7.8440347
2cet,8.02,data/example_database/2cet.sdf,data/example_database/2cet.pdb,188,8.932414,8.623845,9.108946,9.249765,8.352505,8.34327,9.017577,8.609571,9.289042,9.25387,8.87808
5tmn,8.04,data/example_database/5tmn.sdf,data/example_database/5tmn.pdb,189,6.000672,6.3984675,6.5477004,6.817086,6.7760773,5.9751444,6.6278505,6.6855392,6.2006755,6.6334186,6.466263
3ag9,8.05,data/example_database/3ag9.sdf,data/example_database/3ag9.pdb,190,6.4711223,5.441106,5.4668736,6.561206,5.979326,6.6301165,5.697406,5.9143877,7.1315613,6.3340793,6.162719
3kr8,8.1,data/example_database/3kr8.sdf,data/example_database/3kr8.pdb,191,7.988798,7.9365997,8.137647,8.120932,7.872278,7.6268444,7.992805,7.938994,7.9092054,8.2920685,7.981617
3nx7,8.1,data/example_database/3nx7.sdf,data/example_database/3nx7.pdb,192,8.127929,8.116288,8.097923,7.8571987,8.026743,8.079746,8.075668,8.201782,8.357353,8.525827,8.1466465
3fv2,8.11,data/example_database/3fv2.sdf,data/example_database/3fv2.pdb,193,6.959449,7.5311894,8.000861,7.426831,8.184228,7.569078,7.2687526,7.292688,7.928796,7.9348235,7.6096697
4eo8,8.15,data/example_database/4eo8.sdf,data/example_database/4eo8.pdb,194,7.536923,8.287092,8.231082,7.946432,7.541389,7.4795227,7.772655,7.9912415,8.177375,7.570509,7.8534217
1nvq,8.25,data/example_database/1nvq.sdf,data/example_database/1nvq.pdb,195,7.7832346,7.9706316,8.008576,7.747752,7.6528535,7.797568,7.7514057,7.9551167,7.742077,7.649221,7.805845
1h23,8.35,data/example_database/1h23.sdf,data/example_database/1h23.pdb,196,8.265021,8.356932,8.681484,8.705742,8.18889,8.023953,8.359382,8.7927475,8.757587,8.425127,8.455686
2al5,8.4,data/example_database/2al5.sdf,data/example_database/2al5.pdb,197,7.755581,7.4861317,7.2857847,7.0197086,7.079233,7.743227,6.9546757,7.0977116,7.1726894,7.829329,7.342407
2qbp,8.4,data/example_database/2qbp.sdf,data/example_database/2qbp.pdb,198,7.8269367,7.982256,7.8148637,7.679611,7.592613,7.478272,8.205429,7.687584,8.129713,7.9374647,7.833474
2zda,8.4,data/example_database/2zda.sdf,data/example_database/2zda.pdb,199,6.8639135,7.1019535,7.457766,7.166762,7.0480075,7.7051497,7.2677517,7.2621183,7.7024083,7.841485,7.341732
3b68,8.4,data/example_database/3b68.sdf,data/example_database/3b68.pdb,200,8.131362,8.008345,8.139123,7.9556804,8.185783,8.69658,7.6995673,7.9806085,8.285244,8.535827,8.161812
2xbv,8.43,data/example_database/2xbv.sdf,data/example_database/2xbv.pdb,201,8.129998,8.333872,8.441207,8.20157,8.3936615,8.575958,8.199605,8.513699,8.64089,8.694821,8.412528
3b1m,8.48,data/example_database/3b1m.sdf,data/example_database/3b1m.pdb,202,7.680835,7.607188,8.038429,7.6457605,8.028752,7.1744146,7.8331094,7.853128,7.8254204,7.554968,7.724201
2fvd,8.52,data/example_database/2fvd.sdf,data/example_database/2fvd.pdb,203,8.703239,8.630986,8.747274,8.737769,8.274896,8.457719,8.378969,8.645742,8.788829,8.3535385,8.571896
2vw5,8.52,data/example_database/2vw5.sdf,data/example_database/2vw5.pdb,204,6.0971036,6.0264697,5.9568415,6.1033163,6.509052,6.3244925,6.0334063,5.9091783,6.4932656,5.9663887,6.1419516
2wn9,8.52,data/example_database/2wn9.sdf,data/example_database/2wn9.pdb,205,6.8175287,6.565166,7.001019,6.6391697,6.055583,6.1671734,6.4419775,6.6623387,6.500125,6.3593388,6.5209417
3ejr,8.57,data/example_database/3ejr.sdf,data/example_database/3ejr.pdb,206,7.600832,7.8428416,7.8184266,7.552729,7.8412485,7.108338,7.599549,8.17251,7.034263,7.2603617,7.58311
3u8k,8.66,data/example_database/3u8k.sdf,data/example_database/3u8k.pdb,207,6.595488,7.4792433,6.766754,7.2912803,6.5091033,6.5689235,7.0349183,7.1085844,6.690482,7.0002937,6.9045076
2vkm,8.74,data/example_database/2vkm.sdf,data/example_database/2vkm.pdb,208,6.6138654,7.051461,6.3141675,7.416518,6.5203357,7.196794,6.253538,6.928286,7.3447504,7.0047917,6.864451
2wtv,8.74,data/example_database/2wtv.sdf,data/example_database/2wtv.pdb,209,7.259372,7.3423986,7.485117,7.526674,7.345665,7.398315,7.452104,7.282351,7.160362,7.1310773,7.3383436
3b5r,8.77,data/example_database/3b5r.sdf,data/example_database/3b5r.pdb,210,8.375109,8.440267,8.424313,8.610046,8.186182,8.638428,8.078915,8.70341,8.433321,8.649839,8.453983
2zcq,8.82,data/example_database/2zcq.sdf,data/example_database/2zcq.pdb,211,7.0231943,6.930329,6.623517,6.966051,7.325425,6.9073024,6.267264,6.5093822,6.2701907,6.905211,6.7727866
3e93,8.85,data/example_database/3e93.sdf,data/example_database/3e93.pdb,212,8.812589,8.638601,8.118407,8.448348,8.457909,8.55893,8.583295,8.7269945,8.813314,8.934194,8.609259
4k18,8.96,data/example_database/4k18.sdf,data/example_database/4k18.pdb,213,7.606011,8.040278,7.9364133,8.115759,8.359943,8.101637,8.427698,8.708661,8.125942,8.35096,8.177331
2p4y,9.0,data/example_database/2p4y.sdf,data/example_database/2p4y.pdb,214,8.1669,7.8236375,8.634436,8.287876,8.30787,8.600321,7.9437976,8.081496,8.225821,7.7445254,8.181667
3dd0,9.0,data/example_database/3dd0.sdf,data/example_database/3dd0.pdb,215,8.725173,8.380744,8.649542,8.513398,8.693707,8.624971,8.547264,8.610069,8.896025,8.617557,8.625845
3nw9,9.0,data/example_database/3nw9.sdf,data/example_database/3nw9.pdb,216,6.5737267,7.155834,7.5400124,7.5173054,7.210197,7.422805,7.1808786,7.7496896,7.344729,7.3381863,7.303336
1qkt,9.04,data/example_database/1qkt.sdf,data/example_database/1qkt.pdb,217,8.436544,8.903099,8.773541,8.725285,8.299393,8.069684,8.4826765,8.464427,8.7331505,8.21177,8.509957
1h22,9.1,data/example_database/1h22.sdf,data/example_database/1h22.pdb,218,8.149544,8.207715,8.430638,8.4328165,7.9736733,8.207452,8.419641,8.804191,8.901118,8.39928,8.392606
3gnw,9.1,data/example_database/3gnw.sdf,data/example_database/3gnw.pdb,219,7.3394537,8.114804,7.5423064,7.6418886,7.427396,7.430859,7.3678727,7.576134,7.824981,7.623129,7.5888824
1sqa,9.21,data/example_database/1sqa.sdf,data/example_database/1sqa.pdb,220,8.25809,8.016205,8.452905,8.041873,8.425341,8.32481,8.611649,8.3477545,8.054313,8.30895,8.284189
4jia,9.22,data/example_database/4jia.sdf,data/example_database/4jia.pdb,221,9.252032,8.784377,9.2849655,9.243464,8.810588,9.331812,8.691458,9.35552,9.493981,9.304653,9.155286
3b65,9.27,data/example_database/3b65.sdf,data/example_database/3b65.pdb,222,8.157017,8.106571,8.055972,7.903566,8.385358,8.26047,8.041097,7.7182403,7.46122,8.385675,8.047518
3fv1,9.3,data/example_database/3fv1.sdf,data/example_database/3fv1.pdb,223,8.507946,8.697426,8.7950735,8.251652,8.76596,8.45839,8.851012,8.141909,9.016371,8.631801,8.611753
4qac,9.4,data/example_database/4qac.sdf,data/example_database/4qac.pdb,224,8.140116,8.157594,8.121188,7.569251,7.855725,7.880931,8.108778,8.111741,7.3885455,7.7601366,7.909401
3g0w,9.52,data/example_database/3g0w.sdf,data/example_database/3g0w.pdb,225,8.795529,8.680689,8.749356,8.4955435,8.927852,8.4170065,8.722434,8.929447,8.738295,8.790868,8.724703
2pog,9.54,data/example_database/2pog.sdf,data/example_database/2pog.pdb,226,9.127381,8.847242,9.115449,9.111045,8.960498,9.383781,8.79379,9.313093,9.176587,9.068641,9.089751
4gr0,9.55,data/example_database/4gr0.sdf,data/example_database/4gr0.pdb,227,9.074615,8.59569,8.8590355,8.782161,8.296478,8.671507,8.27011,8.875352,8.44537,8.358015,8.622833
1eby,9.7,data/example_database/1eby.sdf,data/example_database/1eby.pdb,228,8.995802,8.850366,8.732624,8.847585,8.88557,8.53756,9.0544615,9.023812,9.141955,8.863409,8.893314
1z6e,9.72,data/example_database/1z6e.sdf,data/example_database/1z6e.pdb,229,9.258835,9.382724,9.011236,9.102792,8.81832,9.562281,9.588132,9.092882,9.013438,9.068985,9.189962
1e66,9.89,data/example_database/1e66.sdf,data/example_database/1e66.pdb,230,8.079314,8.188492,8.082451,8.048023,8.170325,7.6837955,8.46093,7.861952,8.202811,8.433409,8.121151
3u8n,10.17,data/example_database/3u8n.sdf,data/example_database/3u8n.pdb,231,6.7072906,7.7892375,7.435209,7.656708,7.038897,6.882191,6.4162455,7.3027344,7.768785,6.8126597,7.180996
4tmn,10.17,data/example_database/4tmn.sdf,data/example_database/4tmn.pdb,232,7.368819,7.329579,7.1870766,7.4804344,7.46632,6.945828,7.611923,7.2629304,7.517346,8.3356,7.450586
2p15,10.3,data/example_database/2p15.sdf,data/example_database/2p15.pdb,233,7.8775387,7.721168,7.8137355,7.6489434,8.232168,8.168117,7.2396727,7.358609,7.629221,7.700983,7.739016
4gid,10.77,data/example_database/4gid.sdf,data/example_database/4gid.pdb,234,8.284757,7.858598,8.05938,8.391853,8.99831,8.7447815,8.158026,9.067189,8.880137,8.213806,8.465684
3utu,10.92,data/example_database/3utu.sdf,data/example_database/3utu.pdb,235,8.18535,8.094067,7.599424,7.9170995,7.1632915,8.156268,7.80796,8.164839,7.57169,8.351422,7.901142
5c2h,11.09,data/example_database/5c2h.sdf,data/example_database/5c2h.pdb,236,10.656875,10.33208,10.9611025,10.373861,10.9977045,11.258086,10.571329,11.01117,10.677946,10.967318,10.780747
1mq6,11.15,data/example_database/1mq6.sdf,data/example_database/1mq6.pdb,237,10.879011,10.757416,10.469849,11.109919,10.664663,10.617035,10.463676,10.826742,10.684004,11.140801,10.7613125
5dwr,11.22,data/example_database/5dwr.sdf,data/example_database/5dwr.pdb,238,9.304416,9.400113,10.38111,9.471291,9.682012,9.6950655,9.568924,9.8094845,9.855081,9.050013,9.621751
2x00,11.33,data/example_database/2x00.sdf,data/example_database/2x00.pdb,239,8.053411,8.152974,7.266932,7.5097795,8.175654,7.281465,7.3339133,6.9516487,7.307608,7.6603565,7.569373
3o9i,11.82,data/example_database/3o9i.sdf,data/example_database/3o9i.pdb,240,11.354132,11.258798,11.327271,11.12699,11.163053,11.316525,11.799786,11.28167,11.582072,11.272927,11.348322
